#options: 1280x720 fps=25/1 timebase=1/25 bitdepth=8 cabac=1 ref=1 deblock=1:0:0 analyse=0x1:0 me=dia subme=2 psy=1 psy_rd=1.00:0.00 mixed_ref=0 me_range=16 chroma_me=1 trellis=0 8x8dct=0 cqm=0 deadzone=21,11 fast_pskip=1 chroma_qp_offset=0 threads=16 lookahead_threads=5 sliced_threads=0 nr=0 decimate=1 interlaced=0 bluray_compat=0 constrained_intra=0 bframes=3 b_pyramid=2 b_adapt=1 b_bias=0 direct=3 weightb=1 open_gop=0 weightp=2 keyint=250 keyint_min=25 scenecut=40 intra_refresh=0 rc_lookahead=50 rc=abr mbtree=1 bitrate=1158 ratetol=1.0 qcomp=0.60 qpmin=0 qpmax=69 qpstep=4 ip_ratio=1.40 aq=1:1.00
in:0 out:0 type:I dur:2 cpbdur:2 q:32.49 aq:26.99 tex:353604 mv:59956 misc:184 imb:3600 pmb:0 smb:0 d:- ref:;
in:4 out:1 type:P dur:2 cpbdur:2 q:33.85 aq:28.00 tex:110055 mv:13254 misc:2267 imb:715 pmb:1026 smb:1859 d:- ref:0 ;
in:2 out:2 type:B dur:2 cpbdur:2 q:33.85 aq:29.07 tex:19890 mv:10853 misc:1489 imb:60 pmb:793 smb:2747 d:s ref:0 ;
in:1 out:3 type:b dur:2 cpbdur:2 q:33.85 aq:27.90 tex:8544 mv:4327 misc:1329 imb:21 pmb:377 smb:3202 d:s ref:0 ;
in:3 out:4 type:b dur:2 cpbdur:2 q:33.85 aq:31.21 tex:10237 mv:7566 misc:2029 imb:25 pmb:626 smb:2949 d:- ref:0 ;
in:8 out:5 type:P dur:2 cpbdur:2 q:34.23 aq:28.93 tex:124676 mv:14022 misc:2294 imb:703 pmb:1171 smb:1726 d:- ref:0 ;
in:6 out:6 type:B dur:2 cpbdur:2 q:34.04 aq:30.09 tex:24390 mv:11150 misc:1612 imb:111 pmb:817 smb:2672 d:s ref:0 ;
in:5 out:7 type:b dur:2 cpbdur:2 q:33.95 aq:30.61 tex:9992 mv:5458 misc:1598 imb:38 pmb:498 smb:3064 d:s ref:0 ;
in:7 out:8 type:b dur:2 cpbdur:2 q:34.14 aq:31.98 tex:11170 mv:8008 misc:2078 imb:33 pmb:674 smb:2893 d:- ref:0 ;
in:12 out:9 type:P dur:2 cpbdur:2 q:34.64 aq:29.27 tex:136798 mv:14572 misc:2302 imb:773 pmb:1282 smb:1545 d:- ref:0 ;
in:10 out:10 type:B dur:2 cpbdur:2 q:34.44 aq:30.83 tex:22467 mv:11044 misc:1537 imb:80 pmb:837 smb:2683 d:s ref:0 ;
in:9 out:11 type:b dur:2 cpbdur:2 q:34.34 aq:31.66 tex:9946 mv:6346 misc:1596 imb:52 pmb:513 smb:3035 d:s ref:0 ;
in:11 out:12 type:b dur:2 cpbdur:2 q:34.54 aq:29.14 tex:10207 mv:7886 misc:1987 imb:38 pmb:620 smb:2942 d:- ref:0 ;
in:16 out:13 type:P dur:2 cpbdur:2 q:35.02 aq:29.93 tex:143459 mv:14578 misc:2267 imb:654 pmb:1383 smb:1563 d:- ref:0 ;
in:14 out:14 type:B dur:2 cpbdur:2 q:34.83 aq:29.65 tex:23529 mv:11065 misc:1406 imb:98 pmb:789 smb:2713 d:s ref:0 ;
in:13 out:15 type:b dur:2 cpbdur:2 q:34.74 aq:32.27 tex:9246 mv:5730 misc:1536 imb:39 pmb:513 smb:3048 d:s ref:0 ;
in:15 out:16 type:b dur:2 cpbdur:2 q:34.92 aq:33.10 tex:9273 mv:7765 misc:1922 imb:29 pmb:662 smb:2909 d:- ref:0 ;
in:20 out:17 type:P dur:2 cpbdur:2 q:43.02 aq:38.23 tex:26233 mv:9557 misc:2098 imb:549 pmb:584 smb:2467 d:s ref:0 ;
in:18 out:18 type:B dur:2 cpbdur:2 q:39.02 aq:35.18 tex:10266 mv:8982 misc:1816 imb:75 pmb:728 smb:2797 d:t ref:0 ;
in:17 out:19 type:b dur:2 cpbdur:2 q:37.02 aq:30.44 tex:5446 mv:6987 misc:1935 imb:32 pmb:600 smb:2968 d:t ref:0 ;
in:19 out:20 type:b dur:2 cpbdur:2 q:41.02 aq:37.11 tex:1544 mv:4295 misc:1521 imb:19 pmb:386 smb:3195 d:- ref:0 ;
in:24 out:21 type:P dur:2 cpbdur:2 q:43.23 aq:37.82 tex:23173 mv:10261 misc:2350 imb:643 pmb:627 smb:2330 d:s ref:0 ;
in:22 out:22 type:B dur:2 cpbdur:2 q:43.12 aq:37.65 tex:3291 mv:6494 misc:1919 imb:59 pmb:574 smb:2967 d:t ref:0 ;
in:21 out:23 type:b dur:2 cpbdur:2 q:43.07 aq:38.54 tex:1197 mv:3362 misc:1193 imb:27 pmb:255 smb:3318 d:s ref:0 ;
in:23 out:24 type:b dur:2 cpbdur:2 q:43.18 aq:38.99 tex:1075 mv:2772 misc:1137 imb:24 pmb:239 smb:3337 d:- ref:0 ;
in:28 out:25 type:P dur:2 cpbdur:2 q:41.28 aq:36.33 tex:45675 mv:13608 misc:2661 imb:840 pmb:956 smb:1804 d:s ref:0 ;
in:26 out:26 type:B dur:2 cpbdur:2 q:42.25 aq:37.59 tex:4728 mv:6771 misc:1885 imb:53 pmb:604 smb:2943 d:t ref:0 ;
in:25 out:27 type:b dur:2 cpbdur:2 q:42.74 aq:33.69 tex:1306 mv:3084 misc:1234 imb:15 pmb:276 smb:3309 d:s ref:0 ;
in:27 out:28 type:b dur:2 cpbdur:2 q:41.77 aq:37.47 tex:1708 mv:3859 misc:1449 imb:22 pmb:350 smb:3228 d:- ref:0 ;
in:32 out:29 type:P dur:2 cpbdur:2 q:40.09 aq:35.14 tex:58384 mv:14856 misc:2464 imb:835 pmb:1227 smb:1538 d:s ref:0 ;
in:30 out:30 type:B dur:2 cpbdur:2 q:40.68 aq:37.38 tex:6297 mv:7804 misc:1747 imb:45 pmb:681 smb:2874 d:t ref:0 ;
in:29 out:31 type:b dur:2 cpbdur:2 q:40.98 aq:36.39 tex:1819 mv:4319 misc:1590 imb:23 pmb:412 smb:3165 d:s ref:0 ;
in:31 out:32 type:b dur:2 cpbdur:2 q:40.38 aq:39.62 tex:1433 mv:4616 misc:1647 imb:12 pmb:425 smb:3163 d:- ref:0 ;
in:36 out:33 type:P dur:2 cpbdur:2 q:38.73 aq:33.81 tex:80190 mv:15527 misc:2395 imb:587 pmb:1598 smb:1415 d:s ref:0 ;
in:34 out:34 type:B dur:2 cpbdur:2 q:39.41 aq:36.69 tex:6498 mv:8275 misc:1859 imb:34 pmb:731 smb:2835 d:t ref:0 ;
in:33 out:35 type:b dur:2 cpbdur:2 q:39.75 aq:38.39 tex:1419 mv:4712 misc:1637 imb:10 pmb:433 smb:3157 d:s ref:0 ;
in:35 out:36 type:b dur:2 cpbdur:2 q:39.07 aq:36.89 tex:1855 mv:4904 misc:1729 imb:7 pmb:479 smb:3114 d:- ref:0 ;
in:40 out:37 type:P dur:2 cpbdur:2 q:37.77 aq:32.84 tex:93707 mv:15904 misc:2213 imb:499 pmb:1791 smb:1310 d:t ref:0 ;
in:38 out:38 type:B dur:2 cpbdur:2 q:38.25 aq:35.92 tex:6882 mv:4723 misc:1299 imb:20 pmb:450 smb:3130 d:t ref:0 ;
in:37 out:39 type:b dur:2 cpbdur:2 q:38.49 aq:35.72 tex:2201 mv:5341 misc:1778 imb:4 pmb:528 smb:3068 d:t ref:0 ;
in:39 out:40 type:b dur:2 cpbdur:2 q:38.01 aq:36.76 tex:2065 mv:5069 misc:1674 imb:7 pmb:487 smb:3106 d:- ref:0 ;
in:44 out:41 type:P dur:2 cpbdur:2 q:37.17 aq:32.32 tex:98998 mv:16091 misc:2295 imb:482 pmb:1870 smb:1248 d:t ref:0 ;
in:42 out:42 type:B dur:2 cpbdur:2 q:37.47 aq:35.65 tex:6450 mv:4341 misc:1345 imb:29 pmb:405 smb:3166 d:t ref:0 ;
in:41 out:43 type:b dur:2 cpbdur:2 q:37.62 aq:33.83 tex:1962 mv:5151 misc:1855 imb:5 pmb:500 smb:3095 d:t ref:0 ;
in:43 out:44 type:b dur:2 cpbdur:2 q:37.32 aq:36.07 tex:1739 mv:5054 misc:1727 imb:7 pmb:486 smb:3107 d:- ref:0 ;
in:48 out:45 type:P dur:2 cpbdur:2 q:36.78 aq:32.10 tex:101948 mv:16154 misc:2386 imb:433 pmb:1951 smb:1216 d:t ref:0 ;
in:46 out:46 type:B dur:2 cpbdur:2 q:36.98 aq:33.91 tex:6927 mv:4278 misc:1315 imb:29 pmb:400 smb:3171 d:t ref:0 ;
in:45 out:47 type:b dur:2 cpbdur:2 q:37.07 aq:36.56 tex:1528 mv:5062 misc:1826 imb:5 pmb:495 smb:3100 d:t ref:0 ;
in:47 out:48 type:b dur:2 cpbdur:2 q:36.88 aq:35.41 tex:1781 mv:5041 misc:1874 imb:3 pmb:520 smb:3077 d:- ref:0 ;
in:52 out:49 type:P dur:2 cpbdur:2 q:36.62 aq:31.72 tex:110110 mv:16305 misc:2329 imb:485 pmb:2028 smb:1087 d:t ref:0 ;
in:50 out:50 type:B dur:2 cpbdur:2 q:36.70 aq:34.24 tex:8039 mv:4437 misc:1164 imb:15 pmb:419 smb:3166 d:t ref:0 ;
in:49 out:51 type:b dur:2 cpbdur:2 q:36.74 aq:35.29 tex:1470 mv:2094 misc:948 imb:2 pmb:210 smb:3388 d:s ref:0 ;
in:51 out:52 type:b dur:2 cpbdur:2 q:36.66 aq:36.34 tex:1834 mv:5257 misc:1717 imb:5 pmb:480 smb:3115 d:- ref:0 ;
in:56 out:53 type:P dur:2 cpbdur:2 q:36.58 aq:31.47 tex:90164 mv:15844 misc:2472 imb:358 pmb:1967 smb:1275 d:t ref:0 ;
in:54 out:54 type:B dur:2 cpbdur:2 q:36.60 aq:33.92 tex:6447 mv:3464 misc:1177 imb:11 pmb:347 smb:3242 d:t ref:0 ;
in:53 out:55 type:b dur:2 cpbdur:2 q:36.61 aq:37.13 tex:1565 mv:1906 misc:881 imb:8 pmb:178 smb:3414 d:s ref:0 ;
in:55 out:56 type:b dur:2 cpbdur:2 q:36.59 aq:34.90 tex:1622 mv:4474 misc:1664 imb:6 pmb:428 smb:3166 d:- ref:0 ;
in:60 out:57 type:P dur:2 cpbdur:2 q:36.46 aq:31.58 tex:83473 mv:15342 misc:2609 imb:337 pmb:1978 smb:1285 d:t ref:0 ;
in:58 out:58 type:B dur:2 cpbdur:2 q:36.52 aq:34.66 tex:4430 mv:2596 misc:1070 imb:9 pmb:256 smb:3335 d:t ref:0 ;
in:57 out:59 type:b dur:2 cpbdur:2 q:36.55 aq:32.24 tex:996 mv:1302 misc:798 imb:4 pmb:135 smb:3461 d:s ref:0 ;
in:59 out:60 type:b dur:2 cpbdur:2 q:36.49 aq:34.62 tex:989 mv:4133 misc:1614 imb:7 pmb:392 smb:3201 d:- ref:0 ;
in:64 out:61 type:P dur:2 cpbdur:2 q:36.29 aq:31.76 tex:77657 mv:15191 misc:2640 imb:297 pmb:1944 smb:1359 d:t ref:0 ;
in:62 out:62 type:B dur:2 cpbdur:2 q:36.38 aq:32.96 tex:4035 mv:2551 misc:1174 imb:21 pmb:245 smb:3334 d:t ref:0 ;
in:61 out:63 type:b dur:2 cpbdur:2 q:36.42 aq:33.90 tex:844 mv:1141 misc:807 imb:2 pmb:129 smb:3469 d:s ref:0 ;
in:63 out:64 type:b dur:2 cpbdur:2 q:36.34 aq:33.58 tex:1127 mv:3384 misc:1449 imb:6 pmb:333 smb:3261 d:- ref:0 ;
in:68 out:65 type:P dur:2 cpbdur:2 q:36.13 aq:32.18 tex:67196 mv:15077 misc:2655 imb:314 pmb:1895 smb:1391 d:t ref:0 ;
in:66 out:66 type:B dur:2 cpbdur:2 q:36.21 aq:33.93 tex:4227 mv:2359 misc:1158 imb:7 pmb:254 smb:3339 d:t ref:0 ;
in:65 out:67 type:b dur:2 cpbdur:2 q:36.25 aq:35.46 tex:884 mv:1064 misc:764 imb:1 pmb:117 smb:3482 d:s ref:0 ;
in:67 out:68 type:b dur:2 cpbdur:2 q:36.17 aq:30.37 tex:563 mv:3153 misc:1212 imb:2 pmb:271 smb:3327 d:- ref:0 ;
in:72 out:69 type:P dur:2 cpbdur:2 q:35.82 aq:32.96 tex:45083 mv:13542 misc:2815 imb:207 pmb:1618 smb:1775 d:t ref:0 ;
in:70 out:70 type:B dur:2 cpbdur:2 q:35.97 aq:34.51 tex:5181 mv:2029 misc:1222 imb:13 pmb:265 smb:3322 d:t ref:0 ;
in:69 out:71 type:b dur:2 cpbdur:2 q:36.05 aq:34.15 tex:733 mv:786 misc:721 imb:3 pmb:100 smb:3497 d:s ref:0 ;
in:71 out:72 type:b dur:2 cpbdur:2 q:35.90 aq:31.76 tex:827 mv:3188 misc:1169 imb:2 pmb:290 smb:3308 d:- ref:0 ;
in:75 out:73 type:P dur:2 cpbdur:2 q:35.44 aq:33.68 tex:11724 mv:9611 misc:2657 imb:153 pmb:1063 smb:2384 d:t ref:0 ;
in:73 out:74 type:B dur:2 cpbdur:2 q:35.69 aq:33.13 tex:1362 mv:976 misc:766 imb:2 pmb:121 smb:3477 d:t ref:0 ;
in:74 out:75 type:b dur:2 cpbdur:2 q:35.57 aq:34.24 tex:2494 mv:3807 misc:1507 imb:8 pmb:387 smb:3205 d:- ref:0 ;
in:76 out:76 type:I dur:2 cpbdur:2 q:33.75 aq:25.78 tex:267055 mv:63843 misc:198 imb:3600 pmb:0 smb:0 d:t ref:;
in:80 out:77 type:P dur:2 cpbdur:2 q:35.75 aq:28.57 tex:29781 mv:12618 misc:2369 imb:114 pmb:1374 smb:2112 d:t ref:0 ;
in:78 out:78 type:B dur:2 cpbdur:2 q:35.75 aq:29.13 tex:2006 mv:1908 misc:878 imb:3 pmb:164 smb:3433 d:t ref:0 ;
in:77 out:79 type:b dur:2 cpbdur:2 q:35.75 aq:33.83 tex:611 mv:661 misc:568 imb:2 pmb:64 smb:3534 d:t ref:0 ;
in:79 out:80 type:b dur:2 cpbdur:2 q:35.75 aq:33.60 tex:831 mv:3828 misc:1533 imb:3 pmb:360 smb:3237 d:- ref:0 ;
in:84 out:81 type:P dur:2 cpbdur:2 q:35.25 aq:27.90 tex:61266 mv:15655 misc:2351 imb:252 pmb:1714 smb:1634 d:t ref:0 ;
in:82 out:82 type:B dur:2 cpbdur:2 q:35.50 aq:31.42 tex:2742 mv:2216 misc:1130 imb:12 pmb:203 smb:3385 d:t ref:0 ;
in:81 out:83 type:b dur:2 cpbdur:2 q:35.62 aq:32.24 tex:729 mv:1340 misc:843 imb:1 pmb:139 smb:3460 d:s ref:0 ;
in:83 out:84 type:b dur:2 cpbdur:2 q:35.37 aq:31.10 tex:755 mv:4187 misc:1674 imb:5 pmb:399 smb:3196 d:- ref:0 ;
in:88 out:85 type:P dur:2 cpbdur:2 q:34.68 aq:27.23 tex:82371 mv:17150 misc:2263 imb:349 pmb:1897 smb:1354 d:t ref:0 ;
in:86 out:86 type:B dur:2 cpbdur:2 q:34.97 aq:31.33 tex:2688 mv:2593 misc:1303 imb:10 pmb:245 smb:3345 d:t ref:0 ;
in:85 out:87 type:b dur:2 cpbdur:2 q:35.11 aq:30.30 tex:430 mv:1106 misc:904 imb:1 pmb:129 smb:3470 d:s ref:0 ;
in:87 out:88 type:b dur:2 cpbdur:2 q:34.83 aq:33.25 tex:595 mv:4192 misc:1669 imb:0 pmb:422 smb:3178 d:- ref:0 ;
in:92 out:89 type:P dur:2 cpbdur:2 q:34.04 aq:26.86 tex:103213 mv:17489 misc:2106 imb:437 pmb:1959 smb:1204 d:t ref:0 ;
in:90 out:90 type:B dur:2 cpbdur:2 q:34.36 aq:30.54 tex:3315 mv:3639 misc:1598 imb:11 pmb:332 smb:3257 d:t ref:0 ;
in:89 out:91 type:b dur:2 cpbdur:2 q:34.52 aq:33.95 tex:783 mv:1631 misc:1202 imb:8 pmb:196 smb:3396 d:s ref:0 ;
in:91 out:92 type:b dur:2 cpbdur:2 q:34.20 aq:30.89 tex:839 mv:4394 misc:1903 imb:4 pmb:465 smb:3131 d:- ref:0 ;
in:96 out:93 type:P dur:2 cpbdur:2 q:34.08 aq:26.94 tex:91429 mv:16948 misc:2079 imb:353 pmb:1945 smb:1302 d:t ref:0 ;
in:94 out:94 type:B dur:2 cpbdur:2 q:34.06 aq:29.99 tex:3268 mv:2697 misc:1347 imb:19 pmb:244 smb:3337 d:t ref:0 ;
in:93 out:95 type:b dur:2 cpbdur:2 q:34.05 aq:30.13 tex:703 mv:1332 misc:949 imb:6 pmb:148 smb:3446 d:s ref:0 ;
in:95 out:96 type:b dur:2 cpbdur:2 q:34.07 aq:32.88 tex:725 mv:4356 misc:1759 imb:6 pmb:416 smb:3178 d:- ref:0 ;
in:100 out:97 type:P dur:2 cpbdur:2 q:33.74 aq:26.50 tex:104555 mv:17115 misc:1970 imb:363 pmb:2040 smb:1197 d:t ref:0 ;
in:98 out:98 type:B dur:2 cpbdur:2 q:33.91 aq:30.49 tex:3542 mv:2413 misc:1221 imb:7 pmb:232 smb:3361 d:t ref:0 ;
in:97 out:99 type:b dur:2 cpbdur:2 q:34.00 aq:31.78 tex:898 mv:1166 misc:976 imb:4 pmb:140 smb:3456 d:s ref:0 ;
in:99 out:100 type:b dur:2 cpbdur:2 q:33.83 aq:31.05 tex:1192 mv:4299 misc:1805 imb:11 pmb:427 smb:3162 d:- ref:0 ;
in:104 out:101 type:P dur:2 cpbdur:2 q:33.51 aq:26.14 tex:116959 mv:18349 misc:1908 imb:418 pmb:2067 smb:1115 d:t ref:0 ;
in:102 out:102 type:B dur:2 cpbdur:2 q:33.62 aq:29.71 tex:3591 mv:2637 misc:1412 imb:9 pmb:270 smb:3321 d:t ref:0 ;
in:101 out:103 type:b dur:2 cpbdur:2 q:33.68 aq:32.09 tex:1083 mv:1375 misc:1118 imb:3 pmb:187 smb:3410 d:s ref:0 ;
in:103 out:104 type:b dur:2 cpbdur:2 q:33.57 aq:31.15 tex:1158 mv:4550 misc:1868 imb:5 pmb:462 smb:3133 d:- ref:0 ;
in:108 out:105 type:P dur:2 cpbdur:2 q:33.43 aq:26.14 tex:109964 mv:17691 misc:1929 imb:324 pmb:2104 smb:1172 d:t ref:0 ;
in:106 out:106 type:B dur:2 cpbdur:2 q:33.47 aq:29.25 tex:3973 mv:2741 misc:1390 imb:11 pmb:261 smb:3328 d:t ref:0 ;
in:105 out:107 type:b dur:2 cpbdur:2 q:33.49 aq:32.34 tex:920 mv:1393 misc:1031 imb:4 pmb:159 smb:3437 d:s ref:0 ;
in:107 out:108 type:b dur:2 cpbdur:2 q:33.45 aq:29.64 tex:950 mv:4657 misc:1881 imb:11 pmb:445 smb:3144 d:- ref:0 ;
in:112 out:109 type:P dur:2 cpbdur:2 q:33.36 aq:26.07 tex:114448 mv:18261 misc:2051 imb:394 pmb:2131 smb:1075 d:t ref:0 ;
in:110 out:110 type:B dur:2 cpbdur:2 q:33.39 aq:29.13 tex:3573 mv:2560 misc:1315 imb:6 pmb:266 smb:3328 d:t ref:0 ;
in:109 out:111 type:b dur:2 cpbdur:2 q:33.41 aq:30.01 tex:915 mv:1283 misc:986 imb:6 pmb:155 smb:3439 d:s ref:0 ;
in:111 out:112 type:b dur:2 cpbdur:2 q:33.38 aq:31.51 tex:937 mv:4741 misc:1946 imb:6 pmb:463 smb:3131 d:- ref:0 ;
in:116 out:113 type:P dur:2 cpbdur:2 q:33.22 aq:26.01 tex:120454 mv:18135 misc:1891 imb:285 pmb:2191 smb:1124 d:t ref:0 ;
in:114 out:114 type:B dur:2 cpbdur:2 q:33.29 aq:29.71 tex:3953 mv:2759 misc:1432 imb:12 pmb:285 smb:3303 d:t ref:0 ;
in:113 out:115 type:b dur:2 cpbdur:2 q:33.32 aq:30.06 tex:882 mv:1273 misc:1037 imb:4 pmb:155 smb:3441 d:s ref:0 ;
in:115 out:116 type:b dur:2 cpbdur:2 q:33.26 aq:31.52 tex:891 mv:5028 misc:1961 imb:7 pmb:484 smb:3109 d:- ref:0 ;
in:120 out:117 type:P dur:2 cpbdur:2 q:33.22 aq:25.91 tex:119175 mv:18367 misc:1826 imb:322 pmb:2190 smb:1088 d:t ref:0 ;
in:118 out:118 type:B dur:2 cpbdur:2 q:33.22 aq:29.12 tex:3692 mv:2810 misc:1474 imb:14 pmb:300 smb:3286 d:t ref:0 ;
in:117 out:119 type:b dur:2 cpbdur:2 q:33.22 aq:28.67 tex:891 mv:1597 misc:1168 imb:13 pmb:193 smb:3394 d:s ref:0 ;
in:119 out:120 type:b dur:2 cpbdur:2 q:33.22 aq:30.48 tex:1014 mv:4799 misc:1979 imb:9 pmb:475 smb:3116 d:- ref:0 ;
in:124 out:121 type:P dur:2 cpbdur:2 q:33.11 aq:26.37 tex:123955 mv:18933 misc:1824 imb:284 pmb:2274 smb:1042 d:t ref:0 ;
in:122 out:122 type:B dur:2 cpbdur:2 q:33.17 aq:28.79 tex:4301 mv:3046 misc:1525 imb:30 pmb:280 smb:3290 d:t ref:0 ;
in:121 out:123 type:b dur:2 cpbdur:2 q:33.20 aq:32.10 tex:900 mv:1145 misc:1011 imb:10 pmb:141 smb:3449 d:s ref:0 ;
in:123 out:124 type:b dur:2 cpbdur:2 q:33.14 aq:29.95 tex:1154 mv:5108 misc:2034 imb:11 pmb:494 smb:3095 d:- ref:0 ;
in:128 out:125 type:P dur:2 cpbdur:2 q:33.02 aq:26.11 tex:124467 mv:18841 misc:1924 imb:290 pmb:2264 smb:1046 d:t ref:0 ;
in:126 out:126 type:B dur:2 cpbdur:2 q:33.06 aq:29.21 tex:4656 mv:2786 misc:1534 imb:18 pmb:304 smb:3278 d:t ref:0 ;
in:125 out:127 type:b dur:2 cpbdur:2 q:33.09 aq:29.96 tex:1082 mv:1599 misc:1199 imb:7 pmb:187 smb:3406 d:s ref:0 ;
in:127 out:128 type:b dur:2 cpbdur:2 q:33.04 aq:29.34 tex:1323 mv:5295 misc:2070 imb:15 pmb:503 smb:3082 d:- ref:0 ;
in:132 out:129 type:P dur:2 cpbdur:2 q:32.94 aq:25.83 tex:124677 mv:19544 misc:1851 imb:293 pmb:2323 smb:984 d:t ref:0 ;
in:130 out:130 type:B dur:2 cpbdur:2 q:32.98 aq:29.08 tex:5182 mv:2906 misc:1544 imb:13 pmb:332 smb:3255 d:t ref:0 ;
in:129 out:131 type:b dur:2 cpbdur:2 q:33.00 aq:30.86 tex:1285 mv:1753 misc:1290 imb:10 pmb:212 smb:3378 d:s ref:0 ;
in:131 out:132 type:b dur:2 cpbdur:2 q:32.96 aq:31.68 tex:1173 mv:5399 misc:2084 imb:7 pmb:533 smb:3060 d:- ref:0 ;
in:136 out:133 type:P dur:2 cpbdur:2 q:32.80 aq:26.05 tex:128576 mv:19605 misc:1907 imb:334 pmb:2288 smb:978 d:t ref:0 ;
in:134 out:134 type:B dur:2 cpbdur:2 q:32.87 aq:28.82 tex:4800 mv:3540 misc:1756 imb:24 pmb:372 smb:3204 d:t ref:0 ;
in:133 out:135 type:b dur:2 cpbdur:2 q:32.90 aq:29.20 tex:814 mv:1848 misc:1298 imb:8 pmb:215 smb:3377 d:s ref:0 ;
in:135 out:136 type:b dur:2 cpbdur:2 q:32.84 aq:29.75 tex:1237 mv:5494 misc:2141 imb:9 pmb:542 smb:3049 d:- ref:0 ;
in:140 out:137 type:P dur:2 cpbdur:2 q:32.82 aq:26.07 tex:127492 mv:19392 misc:2044 imb:288 pmb:2277 smb:1035 d:t ref:0 ;
in:138 out:138 type:B dur:2 cpbdur:2 q:32.81 aq:28.29 tex:6016 mv:3452 misc:1548 imb:13 pmb:353 smb:3234 d:t ref:0 ;
in:137 out:139 type:b dur:2 cpbdur:2 q:32.81 aq:29.31 tex:1375 mv:1568 misc:1169 imb:16 pmb:181 smb:3403 d:s ref:0 ;
in:139 out:140 type:b dur:2 cpbdur:2 q:32.81 aq:29.79 tex:1671 mv:5653 misc:2068 imb:4 pmb:549 smb:3047 d:- ref:0 ;
in:144 out:141 type:P dur:2 cpbdur:2 q:32.77 aq:25.89 tex:120542 mv:19602 misc:1824 imb:256 pmb:2292 smb:1052 d:t ref:0 ;
in:142 out:142 type:B dur:2 cpbdur:2 q:32.80 aq:29.65 tex:7045 mv:3969 misc:1786 imb:19 pmb:414 smb:3167 d:t ref:0 ;
in:141 out:143 type:b dur:2 cpbdur:2 q:32.81 aq:31.44 tex:1676 mv:1931 misc:1321 imb:10 pmb:238 smb:3352 d:s ref:0 ;
in:143 out:144 type:b dur:2 cpbdur:2 q:32.78 aq:29.93 tex:1617 mv:6180 misc:2267 imb:14 pmb:571 smb:3015 d:- ref:0 ;
in:148 out:145 type:P dur:2 cpbdur:2 q:32.72 aq:26.15 tex:129358 mv:20261 misc:1893 imb:322 pmb:2314 smb:964 d:t ref:0 ;
in:146 out:146 type:B dur:2 cpbdur:2 q:32.75 aq:28.46 tex:7269 mv:4355 misc:1856 imb:19 pmb:468 smb:3113 d:t ref:0 ;
in:145 out:147 type:b dur:2 cpbdur:2 q:32.76 aq:29.89 tex:1526 mv:2375 misc:1339 imb:10 pmb:254 smb:3336 d:s ref:0 ;
in:147 out:148 type:b dur:2 cpbdur:2 q:32.73 aq:29.42 tex:1835 mv:6339 misc:2178 imb:6 pmb:569 smb:3025 d:- ref:0 ;
in:152 out:149 type:P dur:2 cpbdur:2 q:32.69 aq:26.66 tex:115804 mv:19998 misc:1958 imb:282 pmb:2321 smb:997 d:t ref:0 ;
in:150 out:150 type:B dur:2 cpbdur:2 q:32.70 aq:29.65 tex:7484 mv:3781 misc:1687 imb:14 pmb:399 smb:3187 d:t ref:0 ;
in:149 out:151 type:b dur:2 cpbdur:2 q:32.71 aq:29.83 tex:1924 mv:1705 misc:1267 imb:1 pmb:242 smb:3357 d:s ref:0 ;
in:151 out:152 type:b dur:2 cpbdur:2 q:32.69 aq:30.26 tex:1915 mv:6023 misc:2134 imb:7 pmb:548 smb:3045 d:- ref:0 ;
in:156 out:153 type:P dur:2 cpbdur:2 q:32.56 aq:26.73 tex:114127 mv:20768 misc:1953 imb:362 pmb:2339 smb:899 d:t ref:0 ;
in:154 out:154 type:B dur:2 cpbdur:2 q:32.62 aq:29.13 tex:9144 mv:5987 misc:2101 imb:14 pmb:610 smb:2976 d:t ref:0 ;
in:153 out:155 type:b dur:2 cpbdur:2 q:32.66 aq:29.48 tex:1932 mv:3122 misc:1738 imb:9 pmb:359 smb:3232 d:s ref:0 ;
in:155 out:156 type:b dur:2 cpbdur:2 q:32.59 aq:29.36 tex:2267 mv:6513 misc:2252 imb:13 pmb:602 smb:2985 d:- ref:0 ;
in:160 out:157 type:P dur:2 cpbdur:2 q:32.55 aq:28.05 tex:68626 mv:19246 misc:2400 imb:303 pmb:2077 smb:1220 d:t ref:0 ;
in:158 out:158 type:B dur:2 cpbdur:2 q:32.55 aq:29.23 tex:11196 mv:7892 misc:2608 imb:20 pmb:832 smb:2748 d:t ref:0 ;
in:157 out:159 type:b dur:2 cpbdur:2 q:32.56 aq:29.33 tex:2329 mv:3498 misc:1901 imb:13 pmb:428 smb:3159 d:s ref:0 ;
in:159 out:160 type:b dur:2 cpbdur:2 q:32.55 aq:29.48 tex:2624 mv:6866 misc:2334 imb:9 pmb:629 smb:2962 d:- ref:0 ;
in:162 out:161 type:P dur:2 cpbdur:2 q:32.44 aq:30.52 tex:16363 mv:10447 misc:3190 imb:127 pmb:1225 smb:2248 d:t ref:0 ;
in:161 out:162 type:b dur:2 cpbdur:2 q:32.49 aq:30.89 tex:4267 mv:2082 misc:1723 imb:9 pmb:335 smb:3256 d:t ref:0 ;
in:163 out:163 type:I dur:2 cpbdur:2 q:29.93 aq:22.60 tex:136456 mv:50058 misc:214 imb:3600 pmb:0 smb:0 d:t ref:;
in:167 out:164 type:P dur:2 cpbdur:2 q:32.57 aq:25.05 tex:39942 mv:15911 misc:2019 imb:853 pmb:814 smb:1933 d:t ref:0 ;
in:165 out:165 type:B dur:2 cpbdur:2 q:32.57 aq:29.80 tex:11749 mv:14145 misc:1098 imb:201 pmb:872 smb:2527 d:s ref:0 ;
in:164 out:166 type:b dur:2 cpbdur:2 q:32.57 aq:30.33 tex:5670 mv:10828 misc:1454 imb:106 pmb:752 smb:2742 d:s ref:0 ;
in:166 out:167 type:b dur:2 cpbdur:2 q:32.57 aq:30.34 tex:4628 mv:6776 misc:1564 imb:40 pmb:538 smb:3022 d:- ref:0 ;
in:171 out:168 type:P dur:2 cpbdur:2 q:32.43 aq:25.15 tex:24604 mv:15951 misc:2781 imb:637 pmb:1068 smb:1895 d:s ref:0 ;
in:169 out:169 type:B dur:2 cpbdur:2 q:32.50 aq:27.01 tex:5599 mv:8982 misc:1755 imb:69 pmb:773 smb:2758 d:s ref:0 ;
in:168 out:170 type:b dur:2 cpbdur:2 q:32.53 aq:29.27 tex:2274 mv:5773 misc:1641 imb:31 pmb:583 smb:2986 d:s ref:0 ;
in:170 out:171 type:b dur:2 cpbdur:2 q:32.46 aq:28.21 tex:1847 mv:3628 misc:1621 imb:18 pmb:359 smb:3223 d:- ref:0 ;
in:175 out:172 type:P dur:2 cpbdur:2 q:32.22 aq:24.02 tex:32479 mv:17982 misc:2827 imb:802 pmb:1110 smb:1688 d:t ref:0 ;
in:173 out:173 type:B dur:2 cpbdur:2 q:32.32 aq:27.28 tex:6449 mv:10227 misc:2036 imb:83 pmb:833 smb:2684 d:s ref:0 ;
in:172 out:174 type:b dur:2 cpbdur:2 q:32.37 aq:27.65 tex:1812 mv:4901 misc:1855 imb:19 pmb:496 smb:3085 d:s ref:0 ;
in:174 out:175 type:b dur:2 cpbdur:2 q:32.27 aq:28.78 tex:2787 mv:4977 misc:1716 imb:21 pmb:463 smb:3116 d:- ref:0 ;
in:179 out:176 type:P dur:2 cpbdur:2 q:32.04 aq:23.69 tex:31004 mv:16937 misc:2811 imb:689 pmb:1133 smb:1778 d:t ref:0 ;
in:177 out:177 type:B dur:2 cpbdur:2 q:32.13 aq:27.12 tex:5208 mv:8409 misc:1927 imb:56 pmb:818 smb:2726 d:s ref:0 ;
in:176 out:178 type:b dur:2 cpbdur:2 q:32.17 aq:29.01 tex:2888 mv:7086 misc:1650 imb:40 pmb:676 smb:2884 d:s ref:0 ;
in:178 out:179 type:b dur:2 cpbdur:2 q:32.08 aq:28.56 tex:1646 mv:3033 misc:1577 imb:13 pmb:347 smb:3240 d:- ref:0 ;
in:183 out:180 type:P dur:2 cpbdur:2 q:31.78 aq:23.24 tex:36190 mv:18225 misc:2969 imb:893 pmb:1164 smb:1543 d:t ref:0 ;
in:181 out:181 type:B dur:2 cpbdur:2 q:31.91 aq:26.84 tex:5220 mv:10025 misc:2339 imb:37 pmb:934 smb:2629 d:s ref:0 ;
in:180 out:182 type:b dur:2 cpbdur:2 q:31.97 aq:29.33 tex:2390 mv:4516 misc:1790 imb:12 pmb:450 smb:3138 d:s ref:0 ;
in:182 out:183 type:b dur:2 cpbdur:2 q:31.85 aq:27.27 tex:2021 mv:3581 misc:1606 imb:14 pmb:358 smb:3228 d:- ref:0 ;
in:187 out:184 type:P dur:2 cpbdur:2 q:31.52 aq:23.00 tex:24972 mv:15018 misc:2946 imb:635 pmb:1199 smb:1766 d:s ref:0 ;
in:185 out:185 type:B dur:2 cpbdur:2 q:31.65 aq:24.88 tex:3665 mv:6287 misc:2424 imb:42 pmb:660 smb:2898 d:s ref:0 ;
in:184 out:186 type:b dur:2 cpbdur:2 q:31.72 aq:25.25 tex:1256 mv:2705 misc:1455 imb:24 pmb:284 smb:3292 d:s ref:0 ;
in:186 out:187 type:b dur:2 cpbdur:2 q:31.58 aq:24.50 tex:1140 mv:2596 misc:1528 imb:19 pmb:288 smb:3293 d:- ref:0 ;
in:191 out:188 type:P dur:2 cpbdur:2 q:31.20 aq:23.47 tex:18263 mv:12508 misc:3077 imb:443 pmb:1112 smb:2045 d:s ref:0 ;
in:189 out:189 type:B dur:2 cpbdur:2 q:31.36 aq:25.50 tex:3108 mv:6242 misc:2410 imb:43 pmb:646 smb:2911 d:t ref:0 ;
in:188 out:190 type:b dur:2 cpbdur:2 q:31.44 aq:24.14 tex:1026 mv:2366 misc:1448 imb:9 pmb:271 smb:3320 d:s ref:0 ;
in:190 out:191 type:b dur:2 cpbdur:2 q:31.28 aq:27.10 tex:948 mv:2303 misc:1301 imb:7 pmb:251 smb:3342 d:- ref:0 ;
in:195 out:192 type:P dur:2 cpbdur:2 q:30.88 aq:23.25 tex:18457 mv:13800 misc:3191 imb:790 pmb:1005 smb:1805 d:s ref:0 ;
in:193 out:193 type:B dur:2 cpbdur:2 q:31.04 aq:24.16 tex:4165 mv:6687 misc:2652 imb:49 pmb:731 smb:2820 d:t ref:0 ;
in:192 out:194 type:b dur:2 cpbdur:2 q:31.12 aq:25.38 tex:1132 mv:2418 misc:1514 imb:7 pmb:293 smb:3300 d:s ref:0 ;
in:194 out:195 type:b dur:2 cpbdur:2 q:30.96 aq:24.36 tex:1569 mv:2796 misc:1667 imb:23 pmb:310 smb:3267 d:- ref:0 ;
in:198 out:196 type:P dur:2 cpbdur:2 q:30.61 aq:24.10 tex:10937 mv:10302 misc:3025 imb:460 pmb:800 smb:2340 d:s ref:0 ;
in:196 out:197 type:B dur:2 cpbdur:2 q:30.79 aq:25.75 tex:3015 mv:4224 misc:2113 imb:21 pmb:492 smb:3087 d:t ref:0 ;
in:197 out:198 type:b dur:2 cpbdur:2 q:30.70 aq:24.97 tex:2851 mv:3269 misc:1920 imb:36 pmb:378 smb:3186 d:- ref:0 ;
in:199 out:199 type:I dur:2 cpbdur:2 q:28.81 aq:25.45 tex:1259014 mv:161199 misc:211 imb:3600 pmb:0 smb:0 d:s ref:;
in:203 out:200 type:P dur:2 cpbdur:2 q:32.63 aq:29.70 tex:206450 mv:26851 misc:987 imb:122 pmb:3329 smb:149 d:s ref:0 ;
in:201 out:201 type:B dur:2 cpbdur:2 q:32.63 aq:34.26 tex:13181 mv:21611 misc:3544 imb:1 pmb:1559 smb:2040 d:t ref:0 ;
in:200 out:202 type:b dur:2 cpbdur:2 q:32.63 aq:35.60 tex:3919 mv:10730 misc:2799 imb:0 pmb:850 smb:2750 d:t ref:0 ;
in:202 out:203 type:b dur:2 cpbdur:2 q:32.63 aq:36.31 tex:3658 mv:11371 misc:2939 imb:0 pmb:901 smb:2699 d:- ref:0 ;
in:206 out:204 type:P dur:2 cpbdur:2 q:32.59 aq:29.72 tex:218837 mv:24530 misc:977 imb:103 pmb:3341 smb:156 d:s ref:0 ;
in:204 out:205 type:B dur:2 cpbdur:2 q:32.61 aq:35.34 tex:7931 mv:16594 misc:3331 imb:0 pmb:1248 smb:2352 d:t ref:0 ;
in:205 out:206 type:b dur:2 cpbdur:2 q:32.60 aq:36.23 tex:4147 mv:11895 misc:3006 imb:0 pmb:934 smb:2666 d:- ref:0 ;
in:210 out:207 type:P dur:2 cpbdur:2 q:32.54 aq:29.91 tex:277824 mv:27962 misc:702 imb:162 pmb:3367 smb:71 d:s ref:0 ;
in:208 out:208 type:B dur:2 cpbdur:2 q:32.56 aq:33.78 tex:17681 mv:24096 misc:3671 imb:2 pmb:1806 smb:1792 d:t ref:0 ;
in:207 out:209 type:b dur:2 cpbdur:2 q:32.57 aq:35.94 tex:4081 mv:11989 misc:2986 imb:1 pmb:933 smb:2666 d:t ref:0 ;
in:209 out:210 type:b dur:2 cpbdur:2 q:32.55 aq:35.33 tex:4239 mv:12031 misc:3034 imb:1 pmb:975 smb:2624 d:- ref:0 ;
in:213 out:211 type:P dur:2 cpbdur:2 q:32.47 aq:30.11 tex:229780 mv:24972 misc:896 imb:109 pmb:3373 smb:118 d:s ref:0 ;
in:211 out:212 type:B dur:2 cpbdur:2 q:32.51 aq:34.80 tex:9764 mv:17822 misc:3510 imb:2 pmb:1342 smb:2256 d:t ref:0 ;
in:212 out:213 type:b dur:2 cpbdur:2 q:32.49 aq:35.94 tex:5753 mv:12919 misc:3184 imb:2 pmb:1055 smb:2543 d:- ref:0 ;
in:215 out:214 type:P dur:2 cpbdur:2 q:32.46 aq:30.26 tex:176006 mv:20580 misc:1406 imb:56 pmb:3284 smb:260 d:s ref:0 ;
in:214 out:215 type:b dur:2 cpbdur:2 q:32.46 aq:35.55 tex:4533 mv:11918 misc:2997 imb:1 pmb:938 smb:2661 d:t ref:0 ;
in:218 out:216 type:P dur:2 cpbdur:2 q:33.42 aq:31.77 tex:159360 mv:25011 misc:1101 imb:137 pmb:3280 smb:183 d:t ref:0 ;
in:216 out:217 type:B dur:2 cpbdur:2 q:32.78 aq:34.91 tex:8976 mv:4916 misc:1988 imb:6 pmb:557 smb:3037 d:t ref:0 ;
in:217 out:218 type:b dur:2 cpbdur:2 q:33.10 aq:36.34 tex:4422 mv:12049 misc:3105 imb:8 pmb:1006 smb:2586 d:- ref:0 ;
in:220 out:219 type:P dur:2 cpbdur:2 q:33.38 aq:32.18 tex:122622 mv:20803 misc:1615 imb:83 pmb:3199 smb:318 d:t ref:0 ;
in:219 out:220 type:b dur:2 cpbdur:2 q:33.40 aq:36.91 tex:2745 mv:2189 misc:1194 imb:4 pmb:277 smb:3319 d:t ref:0 ;
in:222 out:221 type:P dur:2 cpbdur:2 q:33.70 aq:33.20 tex:91740 mv:20553 misc:1931 imb:93 pmb:3064 smb:443 d:t ref:0 ;
in:221 out:222 type:b dur:2 cpbdur:2 q:33.54 aq:36.35 tex:2718 mv:2598 misc:1228 imb:6 pmb:298 smb:3296 d:t ref:0 ;
in:224 out:223 type:P dur:2 cpbdur:2 q:34.10 aq:35.30 tex:53367 mv:19124 misc:2573 imb:82 pmb:2743 smb:775 d:t ref:0 ;
in:223 out:224 type:b dur:2 cpbdur:2 q:33.90 aq:37.17 tex:3823 mv:2025 misc:1384 imb:2 pmb:309 smb:3289 d:t ref:0 ;
in:225 out:225 type:P dur:2 cpbdur:2 q:34.11 aq:36.40 tex:20605 mv:10893 misc:3614 imb:58 pmb:1578 smb:1964 d:t ref:0 ;
in:226 out:226 type:I dur:2 cpbdur:2 q:29.84 aq:25.33 tex:744416 mv:106551 misc:201 imb:3600 pmb:0 smb:0 d:t ref:;
in:230 out:227 type:P dur:2 cpbdur:2 q:35.33 aq:32.00 tex:88757 mv:17912 misc:1587 imb:397 pmb:1887 smb:1316 d:t ref:0 ;
in:228 out:228 type:B dur:2 cpbdur:2 q:35.33 aq:34.88 tex:7031 mv:6062 misc:1963 imb:12 pmb:609 smb:2979 d:s ref:0 ;
in:227 out:229 type:b dur:2 cpbdur:2 q:35.33 aq:37.52 tex:728 mv:1391 misc:881 imb:1 pmb:158 smb:3441 d:t ref:0 ;
in:229 out:230 type:b dur:2 cpbdur:2 q:35.33 aq:36.13 tex:1518 mv:6014 misc:1908 imb:2 pmb:507 smb:3091 d:- ref:0 ;
in:234 out:231 type:P dur:2 cpbdur:2 q:35.47 aq:31.59 tex:113181 mv:19785 misc:1650 imb:562 pmb:1957 smb:1081 d:t ref:0 ;
in:232 out:232 type:B dur:2 cpbdur:2 q:35.40 aq:33.70 tex:7293 mv:4016 misc:1723 imb:14 pmb:450 smb:3136 d:t ref:0 ;
in:231 out:233 type:b dur:2 cpbdur:2 q:35.36 aq:35.32 tex:1079 mv:1282 misc:991 imb:0 pmb:189 smb:3411 d:s ref:0 ;
in:233 out:234 type:b dur:2 cpbdur:2 q:35.43 aq:34.83 tex:1200 mv:5335 misc:1865 imb:4 pmb:456 smb:3140 d:- ref:0 ;
in:238 out:235 type:P dur:2 cpbdur:2 q:35.70 aq:31.78 tex:118568 mv:19815 misc:1897 imb:532 pmb:1973 smb:1095 d:t ref:0 ;
in:236 out:236 type:B dur:2 cpbdur:2 q:35.58 aq:34.00 tex:6919 mv:3632 misc:1689 imb:21 pmb:423 smb:3156 d:t ref:0 ;
in:235 out:237 type:b dur:2 cpbdur:2 q:35.52 aq:34.22 tex:1328 mv:1758 misc:1074 imb:4 pmb:219 smb:3377 d:s ref:0 ;
in:237 out:238 type:b dur:2 cpbdur:2 q:35.64 aq:36.98 tex:1218 mv:5469 misc:1849 imb:6 pmb:462 smb:3132 d:- ref:0 ;
in:242 out:239 type:P dur:2 cpbdur:2 q:35.64 aq:31.66 tex:118854 mv:19976 misc:1946 imb:629 pmb:1968 smb:1003 d:t ref:0 ;
in:240 out:240 type:B dur:2 cpbdur:2 q:35.67 aq:34.36 tex:7455 mv:3867 misc:1854 imb:19 pmb:459 smb:3122 d:t ref:0 ;
in:239 out:241 type:b dur:2 cpbdur:2 q:35.68 aq:33.75 tex:1011 mv:1537 misc:1156 imb:7 pmb:204 smb:3389 d:s ref:0 ;
in:241 out:242 type:b dur:2 cpbdur:2 q:35.65 aq:35.31 tex:1179 mv:5374 misc:1879 imb:9 pmb:458 smb:3133 d:- ref:0 ;
in:245 out:243 type:P dur:2 cpbdur:2 q:35.87 aq:32.04 tex:89947 mv:16636 misc:2217 imb:417 pmb:1874 smb:1309 d:t ref:0 ;
in:243 out:244 type:B dur:2 cpbdur:2 q:35.71 aq:34.97 tex:2464 mv:1481 misc:1007 imb:7 pmb:175 smb:3418 d:t ref:0 ;
in:244 out:245 type:b dur:2 cpbdur:2 q:35.79 aq:34.82 tex:1268 mv:5196 misc:1768 imb:6 pmb:431 smb:3163 d:- ref:0 ;
in:248 out:246 type:P dur:2 cpbdur:2 q:35.72 aq:32.04 tex:101413 mv:16667 misc:2256 imb:475 pmb:1887 smb:1238 d:t ref:0 ;
in:246 out:247 type:B dur:2 cpbdur:2 q:35.82 aq:35.04 tex:2589 mv:1345 misc:1082 imb:10 pmb:174 smb:3416 d:t ref:0 ;
in:247 out:248 type:b dur:2 cpbdur:2 q:35.77 aq:36.53 tex:1045 mv:5140 misc:1759 imb:4 pmb:429 smb:3167 d:- ref:0 ;
in:252 out:249 type:P dur:2 cpbdur:2 q:35.66 aq:31.82 tex:119961 mv:19703 misc:2144 imb:615 pmb:1936 smb:1049 d:t ref:0 ;
in:250 out:250 type:B dur:2 cpbdur:2 q:35.69 aq:33.97 tex:7265 mv:3027 misc:1708 imb:20 pmb:382 smb:3198 d:t ref:0 ;
in:249 out:251 type:b dur:2 cpbdur:2 q:35.70 aq:34.86 tex:1144 mv:1421 misc:1123 imb:7 pmb:200 smb:3393 d:s ref:0 ;
in:251 out:252 type:b dur:2 cpbdur:2 q:35.67 aq:36.47 tex:1417 mv:5105 misc:1838 imb:5 pmb:447 smb:3148 d:- ref:0 ;
in:256 out:253 type:P dur:2 cpbdur:2 q:35.60 aq:32.06 tex:114673 mv:18903 misc:2008 imb:691 pmb:1922 smb:987 d:t ref:0 ;
in:254 out:254 type:B dur:2 cpbdur:2 q:35.63 aq:34.02 tex:6752 mv:3004 misc:1740 imb:26 pmb:384 smb:3190 d:t ref:0 ;
in:253 out:255 type:b dur:2 cpbdur:2 q:35.64 aq:35.19 tex:1079 mv:1300 misc:1117 imb:8 pmb:188 smb:3404 d:s ref:0 ;
in:255 out:256 type:b dur:2 cpbdur:2 q:35.61 aq:35.69 tex:1473 mv:4904 misc:1767 imb:6 pmb:412 smb:3182 d:- ref:0 ;
in:260 out:257 type:P dur:2 cpbdur:2 q:35.59 aq:32.28 tex:118866 mv:18364 misc:1970 imb:535 pmb:1890 smb:1175 d:t ref:0 ;
in:258 out:258 type:B dur:2 cpbdur:2 q:35.59 aq:34.44 tex:6151 mv:2993 misc:1704 imb:24 pmb:373 smb:3203 d:t ref:0 ;
in:257 out:259 type:b dur:2 cpbdur:2 q:35.59 aq:35.93 tex:930 mv:1205 misc:1057 imb:8 pmb:181 smb:3411 d:s ref:0 ;
in:259 out:260 type:b dur:2 cpbdur:2 q:35.59 aq:35.09 tex:1363 mv:5059 misc:1754 imb:11 pmb:422 smb:3167 d:- ref:0 ;
in:264 out:261 type:P dur:2 cpbdur:2 q:35.57 aq:32.61 tex:98611 mv:17823 misc:1910 imb:550 pmb:1816 smb:1234 d:t ref:0 ;
in:262 out:262 type:B dur:2 cpbdur:2 q:35.58 aq:34.51 tex:6973 mv:2741 misc:1710 imb:21 pmb:375 smb:3204 d:t ref:0 ;
in:261 out:263 type:b dur:2 cpbdur:2 q:35.58 aq:35.80 tex:1161 mv:1181 misc:1098 imb:12 pmb:170 smb:3418 d:s ref:0 ;
in:263 out:264 type:b dur:2 cpbdur:2 q:35.57 aq:36.01 tex:1211 mv:4996 misc:1697 imb:4 pmb:415 smb:3181 d:- ref:0 ;
in:267 out:265 type:P dur:2 cpbdur:2 q:35.71 aq:33.08 tex:65643 mv:15044 misc:2257 imb:354 pmb:1761 smb:1485 d:t ref:0 ;
in:265 out:266 type:B dur:2 cpbdur:2 q:35.61 aq:34.75 tex:2042 mv:1240 misc:998 imb:9 pmb:160 smb:3431 d:t ref:0 ;
in:266 out:267 type:b dur:2 cpbdur:2 q:35.66 aq:36.77 tex:1233 mv:5226 misc:1797 imb:3 pmb:457 smb:3140 d:- ref:0 ;
in:271 out:268 type:P dur:2 cpbdur:2 q:35.59 aq:33.69 tex:60449 mv:17288 misc:2223 imb:586 pmb:1712 smb:1302 d:t ref:0 ;
in:269 out:269 type:B dur:2 cpbdur:2 q:35.65 aq:34.74 tex:6695 mv:3159 misc:1850 imb:18 pmb:401 smb:3181 d:t ref:0 ;
in:268 out:270 type:b dur:2 cpbdur:2 q:35.68 aq:36.92 tex:1213 mv:1238 misc:1117 imb:5 pmb:189 smb:3406 d:s ref:0 ;
in:270 out:271 type:b dur:2 cpbdur:2 q:35.62 aq:35.46 tex:1289 mv:4864 misc:1791 imb:4 pmb:440 smb:3156 d:- ref:0 ;
in:273 out:272 type:P dur:2 cpbdur:2 q:35.53 aq:35.89 tex:14026 mv:8268 misc:2626 imb:116 pmb:984 smb:2500 d:t ref:0 ;
in:272 out:273 type:b dur:2 cpbdur:2 q:35.56 aq:35.17 tex:1921 mv:722 misc:941 imb:9 pmb:129 smb:3462 d:t ref:0 ;
in:274 out:274 type:I dur:2 cpbdur:2 q:32.45 aq:27.48 tex:283976 mv:85425 misc:207 imb:3600 pmb:0 smb:0 d:t ref:;
in:278 out:275 type:P dur:2 cpbdur:2 q:35.82 aq:30.98 tex:38981 mv:13885 misc:2830 imb:219 pmb:1575 smb:1806 d:t ref:0 ;
in:276 out:276 type:B dur:2 cpbdur:2 q:35.82 aq:35.75 tex:4317 mv:3396 misc:1095 imb:10 pmb:305 smb:3285 d:s ref:0 ;
in:275 out:277 type:b dur:2 cpbdur:2 q:35.82 aq:36.81 tex:943 mv:1601 misc:832 imb:2 pmb:153 smb:3445 d:s ref:0 ;
in:277 out:278 type:b dur:2 cpbdur:2 q:35.82 aq:38.94 tex:1659 mv:3373 misc:1392 imb:3 pmb:316 smb:3281 d:- ref:0 ;
in:282 out:279 type:P dur:2 cpbdur:2 q:35.70 aq:31.13 tex:55363 mv:15752 misc:2781 imb:468 pmb:1568 smb:1564 d:t ref:0 ;
in:280 out:280 type:B dur:2 cpbdur:2 q:35.76 aq:33.92 tex:6882 mv:5089 misc:1773 imb:11 pmb:526 smb:3063 d:s ref:0 ;
in:279 out:281 type:b dur:2 cpbdur:2 q:35.79 aq:37.67 tex:1473 mv:2690 misc:1453 imb:2 pmb:330 smb:3268 d:s ref:0 ;
in:281 out:282 type:b dur:2 cpbdur:2 q:35.73 aq:38.55 tex:1686 mv:3696 misc:1586 imb:3 pmb:358 smb:3239 d:- ref:0 ;
in:286 out:283 type:P dur:2 cpbdur:2 q:35.53 aq:31.83 tex:50103 mv:14920 misc:3065 imb:356 pmb:1587 smb:1657 d:t ref:0 ;
in:284 out:284 type:B dur:2 cpbdur:2 q:35.61 aq:33.77 tex:6180 mv:4189 misc:1663 imb:7 pmb:472 smb:3121 d:s ref:0 ;
in:283 out:285 type:b dur:2 cpbdur:2 q:35.65 aq:30.05 tex:1338 mv:2356 misc:1314 imb:1 pmb:291 smb:3308 d:s ref:0 ;
in:285 out:286 type:b dur:2 cpbdur:2 q:35.57 aq:34.70 tex:1425 mv:3799 misc:1568 imb:3 pmb:364 smb:3233 d:- ref:0 ;
in:290 out:287 type:P dur:2 cpbdur:2 q:35.38 aq:32.74 tex:41393 mv:14157 misc:2994 imb:395 pmb:1407 smb:1798 d:t ref:0 ;
in:288 out:288 type:B dur:2 cpbdur:2 q:35.45 aq:32.80 tex:8169 mv:4689 misc:1742 imb:13 pmb:542 smb:3045 d:t ref:0 ;
in:287 out:289 type:b dur:2 cpbdur:2 q:35.49 aq:31.63 tex:1473 mv:2294 misc:1401 imb:10 pmb:301 smb:3289 d:s ref:0 ;
in:289 out:290 type:b dur:2 cpbdur:2 q:35.42 aq:35.24 tex:1877 mv:3753 misc:1746 imb:2 pmb:396 smb:3202 d:- ref:0 ;
in:292 out:291 type:P dur:2 cpbdur:2 q:35.36 aq:35.36 tex:13303 mv:8036 misc:2813 imb:153 pmb:840 smb:2607 d:t ref:0 ;
in:291 out:292 type:b dur:2 cpbdur:2 q:35.37 aq:36.08 tex:2039 mv:1442 misc:967 imb:6 pmb:170 smb:3424 d:t ref:0 ;
in:293 out:293 type:i dur:2 cpbdur:2 q:32.58 aq:27.37 tex:117596 mv:55155 misc:185 imb:3600 pmb:0 smb:0 d:t ref:;
in:297 out:294 type:P dur:2 cpbdur:2 q:35.29 aq:31.10 tex:45279 mv:19173 misc:2100 imb:1064 pmb:939 smb:1597 d:t ref:0 ;
in:295 out:295 type:B dur:2 cpbdur:2 q:35.29 aq:32.09 tex:14233 mv:20914 misc:1437 imb:338 pmb:1484 smb:1778 d:s ref:0 ;
in:294 out:296 type:b dur:2 cpbdur:2 q:35.29 aq:34.39 tex:5727 mv:11839 misc:2106 imb:112 pmb:986 smb:2502 d:s ref:0 ;
in:296 out:297 type:b dur:2 cpbdur:2 q:35.29 aq:33.10 tex:5694 mv:9744 misc:2362 imb:85 pmb:793 smb:2722 d:- ref:0 ;
in:301 out:298 type:P dur:2 cpbdur:2 q:35.11 aq:30.10 tex:51796 mv:21849 misc:2099 imb:1247 pmb:1084 smb:1269 d:t ref:0 ;
in:299 out:299 type:B dur:2 cpbdur:2 q:35.20 aq:32.18 tex:14426 mv:20582 misc:1336 imb:401 pmb:1447 smb:1752 d:s ref:0 ;
in:298 out:300 type:b dur:2 cpbdur:2 q:35.25 aq:32.54 tex:6598 mv:13991 misc:2163 imb:185 pmb:1158 smb:2257 d:s ref:0 ;
in:300 out:301 type:b dur:2 cpbdur:2 q:35.15 aq:33.78 tex:5176 mv:7993 misc:2127 imb:60 pmb:671 smb:2869 d:- ref:0 ;
in:305 out:302 type:P dur:2 cpbdur:2 q:34.94 aq:30.33 tex:54382 mv:21009 misc:1793 imb:1258 pmb:1062 smb:1280 d:s ref:0 ;
in:303 out:303 type:B dur:2 cpbdur:2 q:35.02 aq:31.44 tex:16436 mv:16968 misc:2660 imb:323 pmb:1129 smb:2148 d:s ref:0 ;
in:302 out:304 type:b dur:2 cpbdur:2 q:35.07 aq:31.60 tex:6786 mv:16566 misc:2040 imb:233 pmb:1420 smb:1947 d:s ref:0 ;
in:304 out:305 type:b dur:2 cpbdur:2 q:34.98 aq:32.78 tex:6367 mv:9462 misc:2307 imb:108 pmb:744 smb:2748 d:- ref:0 ;
in:309 out:306 type:P dur:2 cpbdur:2 q:34.75 aq:29.89 tex:51018 mv:21107 misc:2275 imb:1072 pmb:1149 smb:1379 d:s ref:0 ;
in:307 out:307 type:B dur:2 cpbdur:2 q:34.85 aq:31.31 tex:16470 mv:15614 misc:2644 imb:243 pmb:1090 smb:2267 d:s ref:0 ;
in:306 out:308 type:b dur:2 cpbdur:2 q:34.89 aq:32.63 tex:6703 mv:8560 misc:2249 imb:79 pmb:712 smb:2809 d:s ref:0 ;
in:308 out:309 type:b dur:2 cpbdur:2 q:34.80 aq:32.54 tex:6107 mv:8811 misc:2258 imb:76 pmb:715 smb:2809 d:- ref:0 ;
in:313 out:310 type:P dur:2 cpbdur:2 q:34.73 aq:29.71 tex:41531 mv:20631 misc:2310 imb:933 pmb:1193 smb:1474 d:s ref:0 ;
in:311 out:311 type:B dur:2 cpbdur:2 q:34.74 aq:31.50 tex:13199 mv:14563 misc:2670 imb:176 pmb:1105 smb:2319 d:s ref:0 ;
in:310 out:312 type:b dur:2 cpbdur:2 q:34.75 aq:33.27 tex:4761 mv:8373 misc:2234 imb:61 pmb:704 smb:2835 d:s ref:0 ;
in:312 out:313 type:b dur:2 cpbdur:2 q:34.74 aq:33.52 tex:4058 mv:7564 misc:2154 imb:35 pmb:664 smb:2901 d:- ref:0 ;
in:317 out:314 type:P dur:2 cpbdur:2 q:34.68 aq:29.41 tex:46458 mv:19300 misc:2138 imb:1226 pmb:986 smb:1388 d:s ref:0 ;
in:315 out:315 type:B dur:2 cpbdur:2 q:34.70 aq:31.21 tex:14517 mv:15719 misc:2556 imb:211 pmb:1049 smb:2340 d:s ref:0 ;
in:314 out:316 type:b dur:2 cpbdur:2 q:34.72 aq:32.94 tex:6915 mv:8787 misc:2266 imb:53 pmb:771 smb:2776 d:s ref:0 ;
in:316 out:317 type:b dur:2 cpbdur:2 q:34.69 aq:32.19 tex:6240 mv:9013 misc:2203 imb:114 pmb:698 smb:2788 d:- ref:0 ;
in:321 out:318 type:P dur:2 cpbdur:2 q:34.62 aq:30.49 tex:39559 mv:18481 misc:2232 imb:1220 pmb:880 smb:1500 d:s ref:0 ;
in:319 out:319 type:B dur:2 cpbdur:2 q:34.65 aq:30.02 tex:16884 mv:16673 misc:2435 imb:483 pmb:964 smb:2153 d:s ref:0 ;
in:318 out:320 type:b dur:2 cpbdur:2 q:34.66 aq:31.06 tex:8227 mv:11849 misc:2340 imb:259 pmb:755 smb:2586 d:s ref:0 ;
in:320 out:321 type:b dur:2 cpbdur:2 q:34.64 aq:30.87 tex:7851 mv:10780 misc:2353 imb:248 pmb:731 smb:2621 d:- ref:0 ;
in:323 out:322 type:P dur:2 cpbdur:2 q:34.64 aq:31.25 tex:22110 mv:12952 misc:2482 imb:753 pmb:720 smb:2127 d:s ref:0 ;
in:322 out:323 type:b dur:2 cpbdur:2 q:34.63 aq:32.60 tex:6646 mv:8370 misc:2144 imb:140 pmb:649 smb:2811 d:s ref:0 ;
in:324 out:324 type:I dur:2 cpbdur:2 q:32.04 aq:26.81 tex:348164 mv:79016 misc:204 imb:3600 pmb:0 smb:0 d:s ref:;
in:325 out:325 type:P dur:2 cpbdur:2 q:34.89 aq:28.36 tex:30967 mv:5044 misc:1685 imb:11 pmb:995 smb:2594 d:s ref:0 ;
in:326 out:326 type:P dur:2 cpbdur:2 q:34.94 aq:32.71 tex:72527 mv:7519 misc:1386 imb:62 pmb:1329 smb:2209 d:s ref:0 ;
in:327 out:327 type:P dur:2 cpbdur:2 q:34.97 aq:32.20 tex:72997 mv:7451 misc:1600 imb:85 pmb:1377 smb:2138 d:s ref:0 ;
in:331 out:328 type:P dur:2 cpbdur:2 q:34.98 aq:30.64 tex:171816 mv:12489 misc:1263 imb:935 pmb:795 smb:1870 d:s ref:0 ;
in:329 out:329 type:B dur:2 cpbdur:2 q:34.97 aq:28.88 tex:46787 mv:11998 misc:1311 imb:25 pmb:1114 smb:2461 d:s ref:0 ;
in:328 out:330 type:b dur:2 cpbdur:2 q:34.97 aq:31.53 tex:13881 mv:6234 misc:1461 imb:4 pmb:645 smb:2951 d:s ref:0 ;
in:330 out:331 type:b dur:2 cpbdur:2 q:34.98 aq:31.52 tex:9344 mv:4798 misc:1306 imb:0 pmb:473 smb:3127 d:- ref:0 ;
in:332 out:332 type:P dur:2 cpbdur:2 q:35.02 aq:32.11 tex:55816 mv:6374 misc:1786 imb:34 pmb:1280 smb:2286 d:s ref:0 ;
in:333 out:333 type:P dur:2 cpbdur:2 q:35.02 aq:30.23 tex:68374 mv:7693 misc:1709 imb:67 pmb:1396 smb:2137 d:s ref:0 ;
in:334 out:334 type:P dur:2 cpbdur:2 q:35.06 aq:30.49 tex:81252 mv:7870 misc:1678 imb:102 pmb:1437 smb:2061 d:s ref:0 ;
in:335 out:335 type:P dur:2 cpbdur:2 q:35.09 aq:31.69 tex:69433 mv:6971 misc:1492 imb:71 pmb:1313 smb:2216 d:s ref:0 ;
in:336 out:336 type:P dur:2 cpbdur:2 q:35.05 aq:32.74 tex:79794 mv:7504 misc:1494 imb:90 pmb:1368 smb:2142 d:s ref:0 ;
in:337 out:337 type:P dur:2 cpbdur:2 q:35.06 aq:31.85 tex:68767 mv:7527 misc:1714 imb:99 pmb:1317 smb:2184 d:s ref:0 ;
in:338 out:338 type:P dur:2 cpbdur:2 q:35.07 aq:32.33 tex:80021 mv:7481 misc:1618 imb:89 pmb:1366 smb:2145 d:s ref:0 ;
in:339 out:339 type:P dur:2 cpbdur:2 q:35.07 aq:31.74 tex:73696 mv:7759 misc:1593 imb:111 pmb:1323 smb:2166 d:s ref:0 ;
in:340 out:340 type:P dur:2 cpbdur:2 q:35.31 aq:32.43 tex:76045 mv:7524 misc:1535 imb:99 pmb:1341 smb:2160 d:s ref:0 ;
in:341 out:341 type:P dur:2 cpbdur:2 q:35.28 aq:31.86 tex:68989 mv:7352 misc:1763 imb:93 pmb:1343 smb:2164 d:s ref:0 ;
in:342 out:342 type:P dur:2 cpbdur:2 q:35.32 aq:31.87 tex:77360 mv:7833 misc:1559 imb:98 pmb:1402 smb:2100 d:s ref:0 ;
in:343 out:343 type:P dur:2 cpbdur:2 q:35.36 aq:32.51 tex:71236 mv:7632 misc:1556 imb:93 pmb:1357 smb:2150 d:s ref:0 ;
in:344 out:344 type:P dur:2 cpbdur:2 q:35.51 aq:32.86 tex:72976 mv:7424 misc:1688 imb:107 pmb:1322 smb:2171 d:s ref:0 ;
in:345 out:345 type:P dur:2 cpbdur:2 q:35.56 aq:31.96 tex:64001 mv:7214 misc:1697 imb:78 pmb:1319 smb:2203 d:s ref:0 ;
in:346 out:346 type:P dur:2 cpbdur:2 q:35.55 aq:32.94 tex:72220 mv:7642 misc:1634 imb:119 pmb:1328 smb:2153 d:s ref:0 ;
in:347 out:347 type:P dur:2 cpbdur:2 q:35.54 aq:31.30 tex:66102 mv:7453 misc:1917 imb:103 pmb:1352 smb:2145 d:s ref:0 ;
in:351 out:348 type:P dur:2 cpbdur:2 q:35.57 aq:32.33 tex:155143 mv:12406 misc:1371 imb:846 pmb:830 smb:1924 d:s ref:0 ;
in:349 out:349 type:B dur:2 cpbdur:2 q:35.56 aq:31.03 tex:42644 mv:11367 misc:1253 imb:35 pmb:1042 smb:2523 d:s ref:0 ;
in:348 out:350 type:b dur:2 cpbdur:2 q:35.55 aq:31.89 tex:11441 mv:5536 misc:1447 imb:3 pmb:558 smb:3039 d:s ref:0 ;
in:350 out:351 type:b dur:2 cpbdur:2 q:35.56 aq:30.98 tex:8147 mv:4725 misc:1312 imb:4 pmb:442 smb:3154 d:- ref:0 ;
in:352 out:352 type:P dur:2 cpbdur:2 q:35.75 aq:33.32 tex:50015 mv:6089 misc:1608 imb:41 pmb:1220 smb:2339 d:s ref:0 ;
in:353 out:353 type:P dur:2 cpbdur:2 q:35.80 aq:30.83 tex:59815 mv:7107 misc:1726 imb:74 pmb:1271 smb:2255 d:s ref:0 ;
in:354 out:354 type:P dur:2 cpbdur:2 q:35.87 aq:31.78 tex:68079 mv:6934 misc:1475 imb:85 pmb:1301 smb:2214 d:s ref:0 ;
in:355 out:355 type:P dur:2 cpbdur:2 q:35.93 aq:32.23 tex:62668 mv:7020 misc:1696 imb:87 pmb:1274 smb:2239 d:s ref:0 ;
in:356 out:356 type:P dur:2 cpbdur:2 q:36.00 aq:33.87 tex:68262 mv:7054 misc:1508 imb:104 pmb:1259 smb:2237 d:s ref:0 ;
in:357 out:357 type:P dur:2 cpbdur:2 q:36.07 aq:34.26 tex:58932 mv:6879 misc:1669 imb:95 pmb:1222 smb:2283 d:s ref:0 ;
in:358 out:358 type:P dur:2 cpbdur:2 q:36.13 aq:32.44 tex:64803 mv:7112 misc:1613 imb:111 pmb:1254 smb:2235 d:s ref:0 ;
in:359 out:359 type:P dur:2 cpbdur:2 q:36.18 aq:33.10 tex:59488 mv:6743 misc:1633 imb:86 pmb:1221 smb:2293 d:s ref:0 ;
in:360 out:360 type:P dur:2 cpbdur:2 q:36.23 aq:33.55 tex:65113 mv:7282 misc:1677 imb:94 pmb:1297 smb:2209 d:s ref:0 ;
in:361 out:361 type:P dur:2 cpbdur:2 q:36.26 aq:31.12 tex:59481 mv:7329 misc:1734 imb:97 pmb:1273 smb:2230 d:s ref:0 ;
in:362 out:362 type:P dur:2 cpbdur:2 q:36.31 aq:33.40 tex:62626 mv:7016 misc:1566 imb:100 pmb:1243 smb:2257 d:s ref:0 ;
in:363 out:363 type:P dur:2 cpbdur:2 q:36.34 aq:30.01 tex:57848 mv:7147 misc:1597 imb:108 pmb:1251 smb:2241 d:s ref:0 ;
in:364 out:364 type:P dur:2 cpbdur:2 q:36.46 aq:33.44 tex:62593 mv:7092 misc:1635 imb:101 pmb:1248 smb:2251 d:s ref:0 ;
in:365 out:365 type:P dur:2 cpbdur:2 q:36.50 aq:33.33 tex:54419 mv:6746 misc:1603 imb:92 pmb:1188 smb:2320 d:s ref:0 ;
in:366 out:366 type:P dur:2 cpbdur:2 q:36.50 aq:33.26 tex:57895 mv:6965 misc:1652 imb:109 pmb:1173 smb:2318 d:s ref:0 ;
in:367 out:367 type:P dur:2 cpbdur:2 q:36.48 aq:33.74 tex:53075 mv:7086 misc:1631 imb:99 pmb:1216 smb:2285 d:s ref:0 ;
in:371 out:368 type:P dur:2 cpbdur:2 q:36.49 aq:33.62 tex:107966 mv:10741 misc:1333 imb:814 pmb:651 smb:2135 d:s ref:0 ;
in:369 out:369 type:B dur:2 cpbdur:2 q:36.48 aq:34.56 tex:36861 mv:10460 misc:1415 imb:26 pmb:991 smb:2583 d:s ref:0 ;
in:368 out:370 type:b dur:2 cpbdur:2 q:36.48 aq:32.55 tex:9179 mv:4675 misc:1346 imb:5 pmb:503 smb:3092 d:s ref:0 ;
in:370 out:371 type:b dur:2 cpbdur:2 q:36.48 aq:33.12 tex:8283 mv:4474 misc:1307 imb:1 pmb:454 smb:3145 d:- ref:0 ;
in:372 out:372 type:P dur:2 cpbdur:2 q:36.55 aq:35.02 tex:19056 mv:4423 misc:1537 imb:33 pmb:756 smb:2811 d:s ref:0 ;
in:373 out:373 type:I dur:2 cpbdur:2 q:33.03 aq:26.55 tex:406986 mv:87299 misc:219 imb:3600 pmb:0 smb:0 d:s ref:;
in:377 out:374 type:P dur:2 cpbdur:2 q:36.88 aq:32.77 tex:71904 mv:16499 misc:2509 imb:228 pmb:1619 smb:1753 d:s ref:0 ;
in:375 out:375 type:B dur:2 cpbdur:2 q:36.88 aq:37.60 tex:6957 mv:9770 misc:2401 imb:10 pmb:734 smb:2856 d:t ref:0 ;
in:374 out:376 type:b dur:2 cpbdur:2 q:36.88 aq:40.09 tex:1161 mv:4307 misc:1588 imb:0 pmb:348 smb:3252 d:s ref:0 ;
in:376 out:377 type:b dur:2 cpbdur:2 q:36.88 aq:38.83 tex:1624 mv:4652 misc:1700 imb:1 pmb:379 smb:3220 d:- ref:0 ;
in:381 out:378 type:P dur:2 cpbdur:2 q:36.93 aq:32.51 tex:97841 mv:19145 misc:2286 imb:449 pmb:1699 smb:1452 d:s ref:0 ;
in:379 out:379 type:B dur:2 cpbdur:2 q:36.91 aq:36.58 tex:10436 mv:11477 misc:2647 imb:21 pmb:886 smb:2693 d:t ref:0 ;
in:378 out:380 type:b dur:2 cpbdur:2 q:36.89 aq:39.28 tex:2068 mv:4991 misc:1813 imb:2 pmb:411 smb:3187 d:s ref:0 ;
in:380 out:381 type:b dur:2 cpbdur:2 q:36.92 aq:38.10 tex:1681 mv:4804 misc:1907 imb:2 pmb:428 smb:3170 d:- ref:0 ;
in:385 out:382 type:P dur:2 cpbdur:2 q:36.98 aq:32.78 tex:104266 mv:18767 misc:2127 imb:474 pmb:1710 smb:1416 d:s ref:0 w:6,65,-3 ;
in:383 out:383 type:B dur:2 cpbdur:2 q:36.96 aq:36.44 tex:11351 mv:12151 misc:2722 imb:19 pmb:978 smb:2603 d:t ref:0 ;
in:382 out:384 type:b dur:2 cpbdur:2 q:36.94 aq:39.70 tex:2375 mv:5376 misc:1913 imb:1 pmb:452 smb:3147 d:s ref:0 ;
in:384 out:385 type:b dur:2 cpbdur:2 q:36.97 aq:38.55 tex:1824 mv:4921 misc:1847 imb:1 pmb:421 smb:3178 d:- ref:0 ;
in:389 out:386 type:P dur:2 cpbdur:2 q:37.05 aq:33.55 tex:74717 mv:18559 misc:2364 imb:503 pmb:1588 smb:1509 d:s ref:0 ;
in:387 out:387 type:B dur:2 cpbdur:2 q:37.01 aq:36.98 tex:11407 mv:12052 misc:2709 imb:13 pmb:970 smb:2617 d:t ref:0 ;
in:386 out:388 type:b dur:2 cpbdur:2 q:37.00 aq:37.92 tex:2344 mv:5376 misc:1936 imb:4 pmb:456 smb:3140 d:s ref:0 ;
in:388 out:389 type:b dur:2 cpbdur:2 q:37.03 aq:38.69 tex:2664 mv:5733 misc:2067 imb:2 pmb:501 smb:3097 d:- ref:0 ;
in:392 out:390 type:P dur:2 cpbdur:2 q:37.20 aq:36.78 tex:25931 mv:12585 misc:2860 imb:270 pmb:1169 smb:2161 d:s ref:0 ;
in:390 out:391 type:B dur:2 cpbdur:2 q:37.10 aq:38.86 tex:4843 mv:7268 misc:2353 imb:9 pmb:639 smb:2952 d:t ref:0 ;
in:391 out:392 type:b dur:2 cpbdur:2 q:37.15 aq:38.85 tex:4145 mv:6054 misc:2177 imb:8 pmb:552 smb:3040 d:- ref:0 ;
in:393 out:393 type:i dur:2 cpbdur:2 q:33.69 aq:26.14 tex:362226 mv:113967 misc:191 imb:3600 pmb:0 smb:0 d:s ref:;
in:397 out:394 type:P dur:2 cpbdur:2 q:37.46 aq:30.23 tex:2283 mv:3848 misc:2149 imb:34 pmb:510 smb:3056 d:s ref:0 ;
in:395 out:395 type:B dur:2 cpbdur:2 q:37.46 aq:37.76 tex:377 mv:1395 misc:948 imb:1 pmb:165 smb:3434 d:t ref:0 ;
in:394 out:396 type:b dur:2 cpbdur:2 q:37.46 aq:36.66 tex:225 mv:480 misc:431 imb:2 pmb:55 smb:3543 d:s ref:0 ;
in:396 out:397 type:b dur:2 cpbdur:2 q:37.46 aq:36.64 tex:80 mv:248 misc:352 imb:1 pmb:26 smb:3573 d:- ref:0 ;
in:401 out:398 type:P dur:2 cpbdur:2 q:37.38 aq:30.50 tex:4805 mv:5762 misc:2649 imb:35 pmb:717 smb:2848 d:s ref:0 ;
in:399 out:399 type:B dur:2 cpbdur:2 q:37.42 aq:36.91 tex:456 mv:1691 misc:933 imb:2 pmb:181 smb:3417 d:t ref:0 ;
in:398 out:400 type:b dur:2 cpbdur:2 q:37.44 aq:37.67 tex:104 mv:386 misc:406 imb:0 pmb:49 smb:3551 d:s ref:0 ;
in:400 out:401 type:b dur:2 cpbdur:2 q:37.40 aq:30.95 tex:181 mv:435 misc:440 imb:2 pmb:53 smb:3545 d:- ref:0 ;
in:405 out:402 type:P dur:2 cpbdur:2 q:37.27 aq:29.34 tex:20926 mv:10099 misc:3151 imb:173 pmb:1243 smb:2184 d:s ref:0 w:7,121,11,7,121,7,123,5 ;
in:403 out:403 type:B dur:2 cpbdur:2 q:37.33 aq:34.37 tex:577 mv:1758 misc:1033 imb:8 pmb:181 smb:3411 d:t ref:0 ;
in:402 out:404 type:b dur:2 cpbdur:2 q:37.35 aq:31.25 tex:267 mv:421 misc:440 imb:1 pmb:52 smb:3547 d:s ref:0 ;
in:404 out:405 type:b dur:2 cpbdur:2 q:37.30 aq:29.55 tex:99 mv:365 misc:408 imb:1 pmb:46 smb:3553 d:- ref:0 ;
in:409 out:406 type:P dur:2 cpbdur:2 q:37.17 aq:29.87 tex:20504 mv:9147 misc:3101 imb:111 pmb:1352 smb:2137 d:t ref:0 w:6,63,3 ;
in:407 out:407 type:B dur:2 cpbdur:2 q:37.22 aq:30.53 tex:221 mv:188 misc:407 imb:3 pmb:37 smb:3560 d:t ref:0 ;
in:406 out:408 type:b dur:2 cpbdur:2 q:37.25 aq:37.89 tex:63 mv:146 misc:367 imb:0 pmb:35 smb:3565 d:s ref:0 ;
in:408 out:409 type:b dur:2 cpbdur:2 q:37.20 aq:33.00 tex:13 mv:307 misc:352 imb:1 pmb:34 smb:3565 d:- ref:0 ;
in:413 out:410 type:P dur:2 cpbdur:2 q:37.16 aq:29.83 tex:14278 mv:7846 misc:3284 imb:70 pmb:1175 smb:2355 d:t ref:0 ;
in:411 out:411 type:B dur:2 cpbdur:2 q:37.17 aq:29.69 tex:427 mv:160 misc:373 imb:4 pmb:32 smb:3564 d:t ref:0 ;
in:410 out:412 type:b dur:2 cpbdur:2 q:37.17 aq:36.30 tex:48 mv:130 misc:294 imb:0 pmb:18 smb:3582 d:t ref:0 ;
in:412 out:413 type:b dur:2 cpbdur:2 q:37.16 aq:30.70 tex:101 mv:332 misc:391 imb:1 pmb:39 smb:3560 d:- ref:0 ;
in:417 out:414 type:P dur:2 cpbdur:2 q:36.94 aq:29.70 tex:16911 mv:9100 misc:3389 imb:97 pmb:1318 smb:2185 d:t ref:0 ;
in:415 out:415 type:B dur:2 cpbdur:2 q:37.05 aq:29.54 tex:252 mv:123 misc:361 imb:1 pmb:23 smb:3576 d:t ref:0 ;
in:414 out:416 type:b dur:2 cpbdur:2 q:37.11 aq:30.62 tex:128 mv:111 misc:313 imb:2 pmb:14 smb:3584 d:t ref:0 ;
in:416 out:417 type:b dur:2 cpbdur:2 q:37.00 aq:30.11 tex:171 mv:311 misc:430 imb:2 pmb:36 smb:3562 d:- ref:0 ;
in:421 out:418 type:P dur:2 cpbdur:2 q:36.73 aq:30.22 tex:18058 mv:9386 misc:3348 imb:110 pmb:1348 smb:2142 d:t ref:0 ;
in:419 out:419 type:B dur:2 cpbdur:2 q:36.83 aq:34.53 tex:145 mv:162 misc:357 imb:0 pmb:28 smb:3572 d:t ref:0 ;
in:418 out:420 type:b dur:2 cpbdur:2 q:36.89 aq:35.63 tex:94 mv:96 misc:330 imb:0 pmb:18 smb:3582 d:s ref:0 ;
in:420 out:421 type:b dur:2 cpbdur:2 q:36.78 aq:28.01 tex:130 mv:272 misc:414 imb:0 pmb:37 smb:3563 d:- ref:0 ;
in:425 out:422 type:P dur:2 cpbdur:2 q:36.52 aq:30.72 tex:16237 mv:8911 misc:3388 imb:85 pmb:1286 smb:2229 d:t ref:0 ;
in:423 out:423 type:B dur:2 cpbdur:2 q:36.63 aq:26.81 tex:219 mv:153 misc:388 imb:6 pmb:17 smb:3577 d:t ref:0 ;
in:422 out:424 type:b dur:2 cpbdur:2 q:36.68 aq:29.16 tex:37 mv:71 misc:300 imb:0 pmb:11 smb:3589 d:s ref:0 ;
in:424 out:425 type:b dur:2 cpbdur:2 q:36.57 aq:36.00 tex:60 mv:393 misc:491 imb:0 pmb:53 smb:3547 d:- ref:0 ;
in:429 out:426 type:P dur:2 cpbdur:2 q:36.32 aq:31.13 tex:11781 mv:7772 misc:3255 imb:94 pmb:1105 smb:2401 d:t ref:0 ;
in:427 out:427 type:B dur:2 cpbdur:2 q:36.42 aq:24.40 tex:233 mv:131 misc:372 imb:4 pmb:20 smb:3576 d:t ref:0 ;
in:426 out:428 type:b dur:2 cpbdur:2 q:36.47 aq:30.04 tex:26 mv:81 misc:301 imb:0 pmb:11 smb:3589 d:t ref:0 ;
in:428 out:429 type:b dur:2 cpbdur:2 q:36.37 aq:30.17 tex:36 mv:340 misc:464 imb:0 pmb:43 smb:3557 d:- ref:0 ;
in:433 out:430 type:P dur:2 cpbdur:2 q:36.12 aq:32.39 tex:5398 mv:6383 misc:2899 imb:78 pmb:791 smb:2731 d:t ref:0 ;
in:431 out:431 type:B dur:2 cpbdur:2 q:36.22 aq:29.28 tex:401 mv:326 misc:561 imb:5 pmb:50 smb:3545 d:t ref:0 ;
in:430 out:432 type:b dur:2 cpbdur:2 q:36.27 aq:29.79 tex:80 mv:82 misc:342 imb:0 pmb:19 smb:3581 d:s ref:0 ;
in:432 out:433 type:b dur:2 cpbdur:2 q:36.17 aq:36.69 tex:116 mv:423 misc:501 imb:1 pmb:55 smb:3544 d:- ref:0 ;
in:435 out:434 type:P dur:2 cpbdur:2 q:35.91 aq:30.86 tex:1140 mv:3515 misc:2041 imb:40 pmb:451 smb:3109 d:t ref:0 ;
in:434 out:435 type:b dur:2 cpbdur:2 q:36.02 aq:31.80 tex:201 mv:226 misc:413 imb:5 pmb:22 smb:3573 d:t ref:0 ;
in:436 out:436 type:I dur:2 cpbdur:2 q:33.72 aq:28.07 tex:399378 mv:113832 misc:206 imb:3600 pmb:0 smb:0 d:t ref:;
in:440 out:437 type:P dur:2 cpbdur:2 q:36.19 aq:30.95 tex:21116 mv:6199 misc:2709 imb:122 pmb:898 smb:2580 d:t ref:0 ;
in:438 out:438 type:B dur:2 cpbdur:2 q:36.19 aq:30.23 tex:1409 mv:1298 misc:693 imb:0 pmb:170 smb:3430 d:s ref:0 ;
in:437 out:439 type:b dur:2 cpbdur:2 q:36.19 aq:33.14 tex:266 mv:562 misc:532 imb:1 pmb:95 smb:3504 d:s ref:0 ;
in:439 out:440 type:b dur:2 cpbdur:2 q:36.19 aq:40.07 tex:495 mv:1085 misc:740 imb:0 pmb:110 smb:3490 d:- ref:0 ;
in:444 out:441 type:P dur:2 cpbdur:2 q:36.02 aq:30.56 tex:35112 mv:9573 misc:3083 imb:178 pmb:1383 smb:2039 d:t ref:0 ;
in:442 out:442 type:B dur:2 cpbdur:2 q:36.10 aq:37.62 tex:1858 mv:1782 misc:872 imb:4 pmb:227 smb:3369 d:s ref:0 ;
in:441 out:443 type:b dur:2 cpbdur:2 q:36.15 aq:30.49 tex:491 mv:930 misc:723 imb:1 pmb:147 smb:3452 d:s ref:0 ;
in:443 out:444 type:b dur:2 cpbdur:2 q:36.06 aq:38.45 tex:200 mv:944 misc:776 imb:0 pmb:108 smb:3492 d:- ref:0 ;
in:448 out:445 type:P dur:2 cpbdur:2 q:35.85 aq:30.01 tex:53053 mv:13103 misc:3052 imb:375 pmb:1676 smb:1549 d:t ref:0 ;
in:446 out:446 type:B dur:2 cpbdur:2 q:35.93 aq:33.94 tex:2331 mv:3435 misc:1290 imb:3 pmb:446 smb:3151 d:s ref:0 ;
in:445 out:447 type:b dur:2 cpbdur:2 q:35.98 aq:35.87 tex:488 mv:1405 misc:1067 imb:1 pmb:275 smb:3324 d:s ref:0 ;
in:447 out:448 type:b dur:2 cpbdur:2 q:35.89 aq:35.38 tex:558 mv:1262 misc:852 imb:4 pmb:121 smb:3475 d:- ref:0 ;
in:452 out:449 type:P dur:2 cpbdur:2 q:35.68 aq:29.98 tex:49112 mv:12558 misc:3218 imb:245 pmb:1842 smb:1513 d:t ref:0 ;
in:450 out:450 type:B dur:2 cpbdur:2 q:35.77 aq:34.94 tex:1952 mv:3262 misc:1586 imb:8 pmb:394 smb:3198 d:s ref:0 ;
in:449 out:451 type:b dur:2 cpbdur:2 q:35.81 aq:36.08 tex:261 mv:1697 misc:1282 imb:3 pmb:263 smb:3334 d:s ref:0 ;
in:451 out:452 type:b dur:2 cpbdur:2 q:35.72 aq:35.37 tex:623 mv:2102 misc:1331 imb:1 pmb:265 smb:3334 d:- ref:0 ;
in:456 out:453 type:P dur:2 cpbdur:2 q:35.67 aq:30.28 tex:63631 mv:13878 misc:3075 imb:398 pmb:1902 smb:1300 d:t ref:0 ;
in:454 out:454 type:B dur:2 cpbdur:2 q:35.67 aq:34.32 tex:2698 mv:3847 misc:1527 imb:11 pmb:484 smb:3105 d:s ref:0 ;
in:453 out:455 type:b dur:2 cpbdur:2 q:35.68 aq:33.81 tex:599 mv:1833 misc:1104 imb:6 pmb:191 smb:3403 d:s ref:0 ;
in:455 out:456 type:b dur:2 cpbdur:2 q:35.67 aq:32.67 tex:444 mv:1562 misc:1130 imb:3 pmb:191 smb:3406 d:- ref:0 ;
in:460 out:457 type:P dur:2 cpbdur:2 q:35.51 aq:30.05 tex:68642 mv:14433 misc:3037 imb:401 pmb:1944 smb:1255 d:s ref:0 ;
in:458 out:458 type:B dur:2 cpbdur:2 q:35.59 aq:34.78 tex:2921 mv:3396 misc:1387 imb:7 pmb:304 smb:3289 d:s ref:0 ;
in:457 out:459 type:b dur:2 cpbdur:2 q:35.63 aq:35.66 tex:442 mv:1658 misc:1036 imb:4 pmb:170 smb:3426 d:t ref:0 ;
in:459 out:460 type:b dur:2 cpbdur:2 q:35.55 aq:36.48 tex:540 mv:1380 misc:920 imb:0 pmb:144 smb:3456 d:- ref:0 ;
in:464 out:461 type:P dur:2 cpbdur:2 q:35.38 aq:30.18 tex:65606 mv:15453 misc:3061 imb:437 pmb:1993 smb:1170 d:s ref:0 ;
in:462 out:462 type:B dur:2 cpbdur:2 q:35.45 aq:33.69 tex:3325 mv:3452 misc:1527 imb:5 pmb:370 smb:3225 d:s ref:0 ;
in:461 out:463 type:b dur:2 cpbdur:2 q:35.48 aq:32.45 tex:477 mv:1630 misc:1045 imb:4 pmb:179 smb:3417 d:s ref:0 ;
in:463 out:464 type:b dur:2 cpbdur:2 q:35.42 aq:34.79 tex:743 mv:1344 misc:857 imb:2 pmb:132 smb:3466 d:- ref:0 ;
in:468 out:465 type:P dur:2 cpbdur:2 q:35.26 aq:30.29 tex:73775 mv:16774 misc:2859 imb:580 pmb:1947 smb:1073 d:s ref:0 ;
in:466 out:466 type:B dur:2 cpbdur:2 q:35.32 aq:32.25 tex:3746 mv:4259 misc:1603 imb:12 pmb:380 smb:3208 d:s ref:0 ;
in:465 out:467 type:b dur:2 cpbdur:2 q:35.35 aq:33.98 tex:805 mv:2067 misc:1216 imb:6 pmb:217 smb:3377 d:s ref:0 ;
in:467 out:468 type:b dur:2 cpbdur:2 q:35.29 aq:34.29 tex:1202 mv:1492 misc:962 imb:3 pmb:162 smb:3435 d:- ref:0 ;
in:472 out:469 type:P dur:2 cpbdur:2 q:35.17 aq:30.50 tex:66135 mv:15824 misc:3009 imb:508 pmb:1890 smb:1202 d:s ref:0 ;
in:470 out:470 type:B dur:2 cpbdur:2 q:35.22 aq:33.63 tex:5217 mv:4741 misc:1682 imb:18 pmb:438 smb:3144 d:s ref:0 ;
in:469 out:471 type:b dur:2 cpbdur:2 q:35.24 aq:34.22 tex:1012 mv:2221 misc:1199 imb:5 pmb:214 smb:3381 d:s ref:0 ;
in:471 out:472 type:b dur:2 cpbdur:2 q:35.19 aq:36.48 tex:1062 mv:1772 misc:1078 imb:1 pmb:186 smb:3413 d:- ref:0 ;
in:476 out:473 type:P dur:2 cpbdur:2 q:35.09 aq:30.76 tex:63647 mv:15396 misc:3045 imb:489 pmb:1846 smb:1265 d:s ref:0 ;
in:474 out:474 type:B dur:2 cpbdur:2 q:35.13 aq:33.87 tex:4800 mv:5255 misc:1865 imb:19 pmb:476 smb:3105 d:s ref:0 ;
in:473 out:475 type:b dur:2 cpbdur:2 q:35.15 aq:37.03 tex:1171 mv:2065 misc:1212 imb:1 pmb:224 smb:3375 d:s ref:0 ;
in:475 out:476 type:b dur:2 cpbdur:2 q:35.11 aq:35.01 tex:1165 mv:2248 misc:1275 imb:5 pmb:247 smb:3348 d:- ref:0 ;
in:480 out:477 type:P dur:2 cpbdur:2 q:34.99 aq:31.68 tex:43914 mv:11758 misc:3272 imb:310 pmb:1519 smb:1771 d:s ref:0 ;
in:478 out:478 type:B dur:2 cpbdur:2 q:35.04 aq:33.90 tex:6079 mv:4751 misc:1930 imb:17 pmb:488 smb:3095 d:s ref:0 ;
in:477 out:479 type:b dur:2 cpbdur:2 q:35.07 aq:33.74 tex:725 mv:1276 misc:959 imb:4 pmb:160 smb:3436 d:s ref:0 ;
in:479 out:480 type:b dur:2 cpbdur:2 q:35.02 aq:35.32 tex:1579 mv:2108 misc:1089 imb:3 pmb:196 smb:3401 d:- ref:0 ;
in:484 out:481 type:P dur:2 cpbdur:2 q:34.91 aq:33.08 tex:30174 mv:10674 misc:2920 imb:445 pmb:1005 smb:2150 d:s ref:0 ;
in:482 out:482 type:B dur:2 cpbdur:2 q:34.95 aq:33.74 tex:8542 mv:6714 misc:2424 imb:31 pmb:706 smb:2863 d:s ref:0 ;
in:481 out:483 type:b dur:2 cpbdur:2 q:34.97 aq:34.49 tex:1637 mv:2827 misc:1376 imb:8 pmb:278 smb:3314 d:s ref:0 ;
in:483 out:484 type:b dur:2 cpbdur:2 q:34.93 aq:35.07 tex:1931 mv:2648 misc:1349 imb:8 pmb:267 smb:3325 d:- ref:0 ;
in:485 out:485 type:P dur:2 cpbdur:2 q:34.79 aq:34.49 tex:6682 mv:4432 misc:2214 imb:74 pmb:575 smb:2951 d:s ref:0 ;
in:486 out:486 type:I dur:2 cpbdur:2 q:32.44 aq:26.25 tex:474395 mv:147390 misc:215 imb:3600 pmb:0 smb:0 d:s ref:;
in:490 out:487 type:P dur:2 cpbdur:2 q:35.28 aq:30.76 tex:38274 mv:14769 misc:3181 imb:93 pmb:2162 smb:1345 d:s ref:0 ;
in:488 out:488 type:B dur:2 cpbdur:2 q:35.28 aq:35.60 tex:1305 mv:6683 misc:2380 imb:2 pmb:619 smb:2979 d:t ref:0 ;
in:487 out:489 type:b dur:2 cpbdur:2 q:35.28 aq:36.08 tex:386 mv:2944 misc:1446 imb:0 pmb:273 smb:3327 d:s ref:0 ;
in:489 out:490 type:b dur:2 cpbdur:2 q:35.28 aq:35.17 tex:567 mv:3257 misc:1648 imb:2 pmb:327 smb:3271 d:- ref:0 ;
in:494 out:491 type:P dur:2 cpbdur:2 q:35.20 aq:30.31 tex:45522 mv:16219 misc:3075 imb:85 pmb:2355 smb:1160 d:s ref:0 ;
in:492 out:492 type:B dur:2 cpbdur:2 q:35.24 aq:34.80 tex:1944 mv:7465 misc:2559 imb:8 pmb:694 smb:2898 d:t ref:0 ;
in:491 out:493 type:b dur:2 cpbdur:2 q:35.26 aq:33.91 tex:670 mv:3354 misc:1568 imb:2 pmb:308 smb:3290 d:s ref:0 ;
in:493 out:494 type:b dur:2 cpbdur:2 q:35.22 aq:35.35 tex:761 mv:3327 misc:1736 imb:2 pmb:339 smb:3259 d:- ref:0 ;
in:498 out:495 type:P dur:2 cpbdur:2 q:35.09 aq:30.16 tex:53983 mv:17223 misc:2826 imb:149 pmb:2420 smb:1031 d:s ref:0 ;
in:496 out:496 type:B dur:2 cpbdur:2 q:35.14 aq:33.74 tex:1805 mv:7462 misc:2613 imb:9 pmb:696 smb:2895 d:t ref:0 ;
in:495 out:497 type:b dur:2 cpbdur:2 q:35.17 aq:34.78 tex:653 mv:3617 misc:1634 imb:3 pmb:325 smb:3272 d:s ref:0 ;
in:497 out:498 type:b dur:2 cpbdur:2 q:35.12 aq:33.03 tex:478 mv:3552 misc:1730 imb:3 pmb:365 smb:3232 d:- ref:0 ;
in:502 out:499 type:P dur:2 cpbdur:2 q:34.98 aq:30.04 tex:57215 mv:17296 misc:2817 imb:153 pmb:2457 smb:990 d:s ref:0 ;
in:500 out:500 type:B dur:2 cpbdur:2 q:35.03 aq:35.76 tex:1990 mv:8010 misc:2744 imb:2 pmb:761 smb:2837 d:t ref:0 ;
in:499 out:501 type:b dur:2 cpbdur:2 q:35.06 aq:36.15 tex:371 mv:3158 misc:1471 imb:2 pmb:285 smb:3313 d:s ref:0 ;
in:501 out:502 type:b dur:2 cpbdur:2 q:35.01 aq:37.17 tex:591 mv:3872 misc:1793 imb:1 pmb:387 smb:3212 d:- ref:0 ;
in:506 out:503 type:P dur:2 cpbdur:2 q:34.95 aq:30.34 tex:53489 mv:17568 misc:2807 imb:128 pmb:2497 smb:975 d:s ref:0 ;
in:504 out:504 type:B dur:2 cpbdur:2 q:34.97 aq:35.49 tex:2179 mv:7905 misc:2676 imb:5 pmb:748 smb:2847 d:t ref:0 ;
in:503 out:505 type:b dur:2 cpbdur:2 q:34.97 aq:36.36 tex:828 mv:3708 misc:1680 imb:3 pmb:344 smb:3253 d:s ref:0 ;
in:505 out:506 type:b dur:2 cpbdur:2 q:34.96 aq:37.61 tex:1610 mv:4269 misc:1961 imb:4 pmb:460 smb:3136 d:- ref:0 ;
in:510 out:507 type:P dur:2 cpbdur:2 q:34.81 aq:30.54 tex:51859 mv:18315 misc:2810 imb:149 pmb:2492 smb:959 d:s ref:0 ;
in:508 out:508 type:B dur:2 cpbdur:2 q:34.88 aq:35.13 tex:2535 mv:8553 misc:2848 imb:9 pmb:819 smb:2772 d:t ref:0 ;
in:507 out:509 type:b dur:2 cpbdur:2 q:34.91 aq:37.10 tex:907 mv:4103 misc:1806 imb:1 pmb:387 smb:3212 d:s ref:0 ;
in:509 out:510 type:b dur:2 cpbdur:2 q:34.85 aq:35.56 tex:907 mv:4193 misc:1972 imb:0 pmb:448 smb:3152 d:- ref:0 ;
in:514 out:511 type:P dur:2 cpbdur:2 q:34.70 aq:31.18 tex:43543 mv:17737 misc:2880 imb:166 pmb:2409 smb:1025 d:t ref:0 ;
in:512 out:512 type:B dur:2 cpbdur:2 q:34.75 aq:34.60 tex:2339 mv:2114 misc:1139 imb:8 pmb:271 smb:3321 d:s ref:0 ;
in:511 out:513 type:b dur:2 cpbdur:2 q:34.78 aq:36.09 tex:804 mv:4219 misc:1889 imb:2 pmb:433 smb:3165 d:t ref:0 ;
in:513 out:514 type:b dur:2 cpbdur:2 q:34.73 aq:36.74 tex:915 mv:4209 misc:1796 imb:3 pmb:413 smb:3184 d:- ref:0 ;
in:518 out:515 type:P dur:2 cpbdur:2 q:34.58 aq:32.84 tex:24239 mv:15057 misc:3408 imb:145 pmb:1879 smb:1576 d:t ref:0 ;
in:516 out:516 type:B dur:2 cpbdur:2 q:34.64 aq:35.23 tex:3195 mv:2547 misc:1242 imb:8 pmb:313 smb:3279 d:s ref:0 ;
in:515 out:517 type:b dur:2 cpbdur:2 q:34.67 aq:35.33 tex:1241 mv:4246 misc:2009 imb:4 pmb:457 smb:3139 d:t ref:0 ;
in:517 out:518 type:b dur:2 cpbdur:2 q:34.61 aq:35.90 tex:1656 mv:4343 misc:1977 imb:5 pmb:460 smb:3135 d:- ref:0 ;
in:520 out:519 type:P dur:2 cpbdur:2 q:34.47 aq:34.96 tex:9623 mv:8022 misc:3123 imb:70 pmb:994 smb:2536 d:t ref:0 ;
in:519 out:520 type:b dur:2 cpbdur:2 q:34.53 aq:36.72 tex:1742 mv:1048 misc:842 imb:2 pmb:154 smb:3444 d:s ref:0 ;
in:521 out:521 type:I dur:2 cpbdur:2 q:32.02 aq:27.77 tex:221847 mv:92723 misc:198 imb:3600 pmb:0 smb:0 d:s ref:;
in:523 out:522 type:P dur:2 cpbdur:2 q:34.58 aq:31.38 tex:32192 mv:14093 misc:2851 imb:185 pmb:1279 smb:2136 d:s ref:0 ;
in:522 out:523 type:b dur:2 cpbdur:2 q:34.58 aq:37.40 tex:4908 mv:7778 misc:2106 imb:8 pmb:666 smb:2926 d:t ref:0 ;
in:526 out:524 type:P dur:2 cpbdur:2 q:34.57 aq:30.79 tex:53188 mv:20337 misc:2979 imb:407 pmb:1624 smb:1569 d:s ref:0 ;
in:524 out:525 type:B dur:2 cpbdur:2 q:34.58 aq:35.59 tex:11092 mv:11178 misc:2594 imb:36 pmb:965 smb:2599 d:t ref:0 ;
in:525 out:526 type:b dur:2 cpbdur:2 q:34.58 aq:36.23 tex:6477 mv:8812 misc:2255 imb:22 pmb:726 smb:2852 d:- ref:0 ;
in:530 out:527 type:P dur:2 cpbdur:2 q:34.51 aq:30.55 tex:69775 mv:23901 misc:2844 imb:639 pmb:1721 smb:1240 d:s ref:0 ;
in:528 out:528 type:B dur:2 cpbdur:2 q:34.54 aq:33.79 tex:14927 mv:14366 misc:2659 imb:76 pmb:1062 smb:2462 d:s ref:0 ;
in:527 out:529 type:b dur:2 cpbdur:2 q:34.56 aq:35.88 tex:5678 mv:10031 misc:2435 imb:49 pmb:1009 smb:2542 d:s ref:0 ;
in:529 out:530 type:b dur:2 cpbdur:2 q:34.53 aq:36.09 tex:6083 mv:7698 misc:2003 imb:24 pmb:617 smb:2959 d:- ref:0 ;
in:533 out:531 type:P dur:2 cpbdur:2 q:34.41 aq:30.26 tex:70049 mv:23829 misc:2802 imb:708 pmb:1721 smb:1171 d:t ref:0 ;
in:531 out:532 type:B dur:2 cpbdur:2 q:34.48 aq:34.86 tex:10882 mv:13853 misc:2729 imb:67 pmb:1186 smb:2347 d:s ref:0 ;
in:532 out:533 type:b dur:2 cpbdur:2 q:34.44 aq:35.88 tex:8079 mv:8651 misc:2190 imb:49 pmb:695 smb:2856 d:- ref:0 ;
in:535 out:534 type:P dur:2 cpbdur:2 q:34.32 aq:29.93 tex:60110 mv:20849 misc:3025 imb:541 pmb:1701 smb:1358 d:t ref:0 ;
in:534 out:535 type:b dur:2 cpbdur:2 q:34.37 aq:34.82 tex:7159 mv:7898 misc:2119 imb:50 pmb:670 smb:2880 d:s ref:0 ;
in:537 out:536 type:P dur:2 cpbdur:2 q:34.27 aq:29.98 tex:58530 mv:21601 misc:2869 imb:544 pmb:1728 smb:1328 d:s ref:0 ;
in:536 out:537 type:b dur:2 cpbdur:2 q:34.30 aq:34.64 tex:6376 mv:8271 misc:2169 imb:45 pmb:700 smb:2855 d:s ref:0 ;
in:539 out:538 type:P dur:2 cpbdur:2 q:34.31 aq:29.71 tex:58763 mv:21326 misc:2983 imb:505 pmb:1760 smb:1335 d:t ref:0 ;
in:538 out:539 type:b dur:2 cpbdur:2 q:34.29 aq:34.90 tex:7141 mv:7494 misc:2085 imb:69 pmb:652 smb:2879 d:s ref:0 ;
in:541 out:540 type:P dur:2 cpbdur:2 q:34.30 aq:29.65 tex:71656 mv:21569 misc:2895 imb:499 pmb:1880 smb:1221 d:t ref:0 ;
in:540 out:541 type:b dur:2 cpbdur:2 q:34.30 aq:35.35 tex:7053 mv:7203 misc:2136 imb:55 pmb:645 smb:2900 d:s ref:0 ;
in:544 out:542 type:P dur:2 cpbdur:2 q:34.27 aq:29.46 tex:95412 mv:24788 misc:2552 imb:613 pmb:2011 smb:976 d:t ref:0 ;
in:542 out:543 type:B dur:2 cpbdur:2 q:34.29 aq:34.16 tex:11636 mv:11640 misc:2596 imb:73 pmb:1035 smb:2492 d:s ref:0 ;
in:543 out:544 type:b dur:2 cpbdur:2 q:34.28 aq:35.44 tex:8174 mv:8088 misc:2146 imb:48 pmb:665 smb:2887 d:- ref:0 ;
in:548 out:545 type:P dur:2 cpbdur:2 q:34.29 aq:29.57 tex:90457 mv:23578 misc:2741 imb:627 pmb:1913 smb:1060 d:s ref:0 ;
in:546 out:546 type:B dur:2 cpbdur:2 q:34.28 aq:33.51 tex:14227 mv:11810 misc:2627 imb:64 pmb:997 smb:2539 d:s ref:0 ;
in:545 out:547 type:b dur:2 cpbdur:2 q:34.28 aq:35.07 tex:6346 mv:8096 misc:2094 imb:29 pmb:665 smb:2906 d:s ref:0 ;
in:547 out:548 type:b dur:2 cpbdur:2 q:34.29 aq:35.80 tex:4630 mv:6943 misc:2315 imb:18 pmb:726 smb:2856 d:- ref:0 ;
in:551 out:549 type:P dur:2 cpbdur:2 q:34.28 aq:30.00 tex:72048 mv:20900 misc:3052 imb:463 pmb:1841 smb:1296 d:s ref:0 ;
in:549 out:550 type:B dur:2 cpbdur:2 q:34.29 aq:34.78 tex:9924 mv:10085 misc:2623 imb:39 pmb:924 smb:2637 d:t ref:0 ;
in:550 out:551 type:b dur:2 cpbdur:2 q:34.29 aq:36.17 tex:5394 mv:7306 misc:2252 imb:23 pmb:674 smb:2903 d:- ref:0 ;
in:555 out:552 type:P dur:2 cpbdur:2 q:34.34 aq:30.40 tex:75545 mv:23000 misc:2959 imb:570 pmb:1779 smb:1251 d:s ref:0 ;
in:553 out:553 type:B dur:2 cpbdur:2 q:34.31 aq:33.92 tex:14635 mv:13175 misc:2558 imb:57 pmb:1039 smb:2504 d:s ref:0 ;
in:552 out:554 type:b dur:2 cpbdur:2 q:34.30 aq:36.54 tex:4742 mv:8043 misc:2175 imb:11 pmb:655 smb:2934 d:s ref:0 ;
in:554 out:555 type:b dur:2 cpbdur:2 q:34.32 aq:35.93 tex:4421 mv:6600 misc:2131 imb:18 pmb:603 smb:2979 d:- ref:0 ;
in:558 out:556 type:P dur:2 cpbdur:2 q:34.37 aq:30.49 tex:63457 mv:19770 misc:3157 imb:449 pmb:1731 smb:1420 d:s ref:0 ;
in:556 out:557 type:B dur:2 cpbdur:2 q:34.35 aq:34.74 tex:8521 mv:9277 misc:2610 imb:35 pmb:867 smb:2698 d:s ref:0 ;
in:557 out:558 type:b dur:2 cpbdur:2 q:34.36 aq:35.76 tex:4861 mv:6728 misc:1971 imb:28 pmb:561 smb:3011 d:- ref:0 ;
in:562 out:559 type:P dur:2 cpbdur:2 q:34.39 aq:30.98 tex:72191 mv:22992 misc:2969 imb:609 pmb:1708 smb:1283 d:s ref:0 ;
in:560 out:560 type:B dur:2 cpbdur:2 q:34.38 aq:33.51 tex:14182 mv:13983 misc:2811 imb:74 pmb:1098 smb:2428 d:s ref:0 ;
in:559 out:561 type:b dur:2 cpbdur:2 q:34.37 aq:35.81 tex:4846 mv:7852 misc:2158 imb:32 pmb:645 smb:2923 d:s ref:0 ;
in:561 out:562 type:b dur:2 cpbdur:2 q:34.38 aq:35.92 tex:4109 mv:7193 misc:2066 imb:21 pmb:604 smb:2975 d:- ref:0 ;
in:565 out:563 type:P dur:2 cpbdur:2 q:34.40 aq:31.02 tex:52819 mv:19490 misc:2995 imb:448 pmb:1559 smb:1593 d:s ref:0 ;
in:563 out:564 type:B dur:2 cpbdur:2 q:34.39 aq:34.88 tex:7761 mv:9397 misc:2426 imb:28 pmb:796 smb:2776 d:s ref:0 ;
in:564 out:565 type:b dur:2 cpbdur:2 q:34.39 aq:35.66 tex:5391 mv:7156 misc:2093 imb:33 pmb:625 smb:2942 d:- ref:0 ;
in:569 out:566 type:P dur:2 cpbdur:2 q:34.38 aq:31.85 tex:51765 mv:20053 misc:2950 imb:577 pmb:1371 smb:1652 d:s ref:0 ;
in:567 out:567 type:B dur:2 cpbdur:2 q:34.39 aq:33.47 tex:13510 mv:13047 misc:2843 imb:64 pmb:1079 smb:2457 d:s ref:0 ;
in:566 out:568 type:b dur:2 cpbdur:2 q:34.39 aq:35.65 tex:5159 mv:7225 misc:2160 imb:26 pmb:615 smb:2959 d:s ref:0 ;
in:568 out:569 type:b dur:2 cpbdur:2 q:34.38 aq:36.08 tex:5249 mv:6087 misc:1976 imb:16 pmb:594 smb:2990 d:- ref:0 ;
in:571 out:570 type:P dur:2 cpbdur:2 q:34.34 aq:35.01 tex:20976 mv:10789 misc:2435 imb:230 pmb:836 smb:2534 d:s ref:0 ;
in:570 out:571 type:b dur:2 cpbdur:2 q:34.36 aq:35.34 tex:5605 mv:7287 misc:2236 imb:31 pmb:662 smb:2907 d:t ref:0 ;
in:572 out:572 type:I dur:2 cpbdur:2 q:31.49 aq:26.39 tex:158528 mv:84857 misc:175 imb:3600 pmb:0 smb:0 d:s ref:;
in:575 out:573 type:P dur:2 cpbdur:2 q:34.46 aq:29.34 tex:36428 mv:15297 misc:2467 imb:417 pmb:1098 smb:2085 d:s ref:0 ;
in:573 out:574 type:B dur:2 cpbdur:2 q:34.46 aq:33.20 tex:4010 mv:7362 misc:1852 imb:14 pmb:622 smb:2964 d:s ref:0 ;
in:574 out:575 type:b dur:2 cpbdur:2 q:34.46 aq:34.26 tex:3060 mv:6232 misc:1708 imb:16 pmb:538 smb:3046 d:- ref:0 ;
in:578 out:576 type:P dur:2 cpbdur:2 q:34.44 aq:29.08 tex:42388 mv:17442 misc:2690 imb:503 pmb:1300 smb:1797 d:s ref:0 ;
in:576 out:577 type:B dur:2 cpbdur:2 q:34.45 aq:34.40 tex:4452 mv:7222 misc:1782 imb:26 pmb:602 smb:2972 d:s ref:0 ;
in:577 out:578 type:b dur:2 cpbdur:2 q:34.45 aq:35.31 tex:3028 mv:5289 misc:1531 imb:17 pmb:463 smb:3120 d:- ref:0 ;
in:580 out:579 type:P dur:2 cpbdur:2 q:34.39 aq:29.42 tex:28529 mv:15111 misc:2872 imb:305 pmb:1353 smb:1942 d:s ref:0 ;
in:579 out:580 type:b dur:2 cpbdur:2 q:34.41 aq:35.00 tex:2967 mv:5758 misc:1803 imb:14 pmb:569 smb:3017 d:t ref:0 ;
in:582 out:581 type:P dur:2 cpbdur:2 q:34.35 aq:28.41 tex:28883 mv:14366 misc:2927 imb:305 pmb:1258 smb:2037 d:s ref:0 ;
in:581 out:582 type:b dur:2 cpbdur:2 q:34.37 aq:33.94 tex:3122 mv:5821 misc:1889 imb:15 pmb:575 smb:3010 d:t ref:0 ;
in:585 out:583 type:P dur:2 cpbdur:2 q:34.34 aq:28.48 tex:39948 mv:16717 misc:2783 imb:440 pmb:1314 smb:1846 d:s ref:0 ;
in:583 out:584 type:B dur:2 cpbdur:2 q:34.34 aq:33.10 tex:3912 mv:7603 misc:2093 imb:17 pmb:674 smb:2909 d:s ref:0 ;
in:584 out:585 type:b dur:2 cpbdur:2 q:34.34 aq:34.86 tex:2761 mv:5359 misc:1616 imb:13 pmb:494 smb:3093 d:- ref:0 ;
in:589 out:586 type:P dur:2 cpbdur:2 q:34.26 aq:28.23 tex:44217 mv:17992 misc:2847 imb:545 pmb:1335 smb:1720 d:s ref:0 ;
in:587 out:587 type:B dur:2 cpbdur:2 q:34.30 aq:32.40 tex:7088 mv:9965 misc:2211 imb:30 pmb:805 smb:2765 d:s ref:0 ;
in:586 out:588 type:b dur:2 cpbdur:2 q:34.32 aq:35.33 tex:2824 mv:5777 misc:1663 imb:12 pmb:493 smb:3095 d:s ref:0 ;
in:588 out:589 type:b dur:2 cpbdur:2 q:34.28 aq:35.23 tex:1958 mv:5302 misc:1700 imb:9 pmb:471 smb:3120 d:- ref:0 ;
in:593 out:590 type:P dur:2 cpbdur:2 q:34.22 aq:28.36 tex:36179 mv:18384 misc:2933 imb:471 pmb:1443 smb:1686 d:s ref:0 ;
in:591 out:591 type:B dur:2 cpbdur:2 q:34.24 aq:32.91 tex:8315 mv:9106 misc:1995 imb:46 pmb:715 smb:2839 d:s ref:0 ;
in:590 out:592 type:b dur:2 cpbdur:2 q:34.25 aq:34.81 tex:2055 mv:5955 misc:1926 imb:12 pmb:535 smb:3053 d:s ref:0 ;
in:592 out:593 type:b dur:2 cpbdur:2 q:34.23 aq:34.69 tex:2510 mv:5778 misc:2080 imb:9 pmb:596 smb:2995 d:- ref:0 ;
in:594 out:594 type:P dur:2 cpbdur:2 q:34.11 aq:28.78 tex:24647 mv:13752 misc:3169 imb:189 pmb:1607 smb:1804 d:s ref:0 ;
in:595 out:595 type:P dur:2 cpbdur:2 q:34.10 aq:28.45 tex:30948 mv:15164 misc:3016 imb:300 pmb:1711 smb:1589 d:s ref:0 ;
in:599 out:596 type:P dur:2 cpbdur:2 q:34.08 aq:28.11 tex:79947 mv:24953 misc:2060 imb:923 pmb:1801 smb:876 d:s ref:0 ;
in:597 out:597 type:B dur:2 cpbdur:2 q:34.09 aq:30.27 tex:14754 mv:15277 misc:2481 imb:94 pmb:1101 smb:2405 d:s ref:0 ;
in:596 out:598 type:b dur:2 cpbdur:2 q:34.10 aq:33.49 tex:4057 mv:7758 misc:1857 imb:26 pmb:609 smb:2965 d:s ref:0 ;
in:598 out:599 type:b dur:2 cpbdur:2 q:34.09 aq:31.96 tex:3349 mv:7419 misc:1976 imb:23 pmb:619 smb:2958 d:- ref:0 ;
in:603 out:600 type:P dur:2 cpbdur:2 q:34.01 aq:27.76 tex:51053 mv:22106 misc:2689 imb:704 pmb:1764 smb:1132 d:s ref:0 ;
in:601 out:601 type:B dur:2 cpbdur:2 q:34.05 aq:29.72 tex:9593 mv:11405 misc:2730 imb:51 pmb:968 smb:2581 d:s ref:0 ;
in:600 out:602 type:b dur:2 cpbdur:2 q:34.06 aq:30.63 tex:3007 mv:7323 misc:2118 imb:24 pmb:611 smb:2965 d:s ref:0 ;
in:602 out:603 type:b dur:2 cpbdur:2 q:34.03 aq:32.00 tex:3136 mv:6422 misc:1962 imb:19 pmb:588 smb:2993 d:- ref:0 ;
in:607 out:604 type:P dur:2 cpbdur:2 q:33.92 aq:26.80 tex:45805 mv:22163 misc:2512 imb:782 pmb:1773 smb:1045 d:s ref:0 ;
in:605 out:605 type:B dur:2 cpbdur:2 q:33.96 aq:28.45 tex:6225 mv:10101 misc:2690 imb:57 pmb:909 smb:2634 d:s ref:0 ;
in:604 out:606 type:b dur:2 cpbdur:2 q:33.99 aq:31.07 tex:2654 mv:6365 misc:2245 imb:21 pmb:616 smb:2963 d:s ref:0 ;
in:606 out:607 type:b dur:2 cpbdur:2 q:33.94 aq:30.21 tex:2200 mv:5164 misc:2052 imb:19 pmb:496 smb:3085 d:- ref:0 ;
in:610 out:608 type:P dur:2 cpbdur:2 q:33.83 aq:27.18 tex:38224 mv:18535 misc:2857 imb:507 pmb:1737 smb:1356 d:s ref:0 ;
in:608 out:609 type:B dur:2 cpbdur:2 q:33.89 aq:29.80 tex:2580 mv:6642 misc:2186 imb:24 pmb:627 smb:2949 d:t ref:0 ;
in:609 out:610 type:b dur:2 cpbdur:2 q:33.86 aq:30.09 tex:1645 mv:5394 misc:2033 imb:12 pmb:533 smb:3055 d:- ref:0 ;
in:613 out:611 type:P dur:2 cpbdur:2 q:33.77 aq:26.68 tex:45231 mv:19999 misc:2714 imb:685 pmb:1777 smb:1138 d:s ref:0 ;
in:611 out:612 type:B dur:2 cpbdur:2 q:33.81 aq:30.39 tex:3090 mv:6811 misc:2331 imb:19 pmb:704 smb:2877 d:t ref:0 ;
in:612 out:613 type:b dur:2 cpbdur:2 q:33.79 aq:30.53 tex:1909 mv:5091 misc:2016 imb:9 pmb:520 smb:3071 d:- ref:0 ;
in:617 out:614 type:P dur:2 cpbdur:2 q:33.76 aq:27.28 tex:51011 mv:20008 misc:2509 imb:670 pmb:1683 smb:1247 d:s ref:0 ;
in:615 out:615 type:B dur:2 cpbdur:2 q:33.77 aq:27.73 tex:6486 mv:9692 misc:2894 imb:85 pmb:901 smb:2614 d:s ref:0 ;
in:614 out:616 type:b dur:2 cpbdur:2 q:33.77 aq:27.58 tex:74 mv:36 misc:290 imb:0 pmb:11 smb:3589 d:s ref:0 ;
in:616 out:617 type:b dur:2 cpbdur:2 q:33.76 aq:30.34 tex:2406 mv:5156 misc:1958 imb:19 pmb:514 smb:3067 d:- ref:0 ;
in:621 out:618 type:P dur:2 cpbdur:2 q:33.71 aq:27.25 tex:58890 mv:21467 misc:2707 imb:835 pmb:1604 smb:1161 d:s ref:0 ;
in:619 out:619 type:B dur:2 cpbdur:2 q:33.74 aq:28.96 tex:8241 mv:9581 misc:2786 imb:82 pmb:884 smb:2634 d:s ref:0 ;
in:618 out:620 type:b dur:2 cpbdur:2 q:33.75 aq:31.49 tex:2610 mv:5639 misc:1975 imb:22 pmb:546 smb:3032 d:s ref:0 ;
in:620 out:621 type:b dur:2 cpbdur:2 q:33.72 aq:31.58 tex:3007 mv:5626 misc:2119 imb:20 pmb:564 smb:3016 d:- ref:0 ;
in:624 out:622 type:P dur:2 cpbdur:2 q:33.64 aq:27.05 tex:43387 mv:17612 misc:3049 imb:525 pmb:1540 smb:1535 d:s ref:0 ;
in:622 out:623 type:B dur:2 cpbdur:2 q:33.69 aq:30.81 tex:4889 mv:6263 misc:2400 imb:33 pmb:681 smb:2886 d:t ref:0 ;
in:623 out:624 type:b dur:2 cpbdur:2 q:33.67 aq:30.30 tex:3800 mv:5496 misc:2352 imb:23 pmb:632 smb:2945 d:- ref:0 ;
in:627 out:625 type:P dur:2 cpbdur:2 q:33.58 aq:27.26 tex:39412 mv:20343 misc:2885 imb:744 pmb:1563 smb:1293 d:s ref:0 ;
in:625 out:626 type:B dur:2 cpbdur:2 q:33.62 aq:29.40 tex:4883 mv:7902 misc:2671 imb:57 pmb:759 smb:2784 d:t ref:0 ;
in:626 out:627 type:b dur:2 cpbdur:2 q:33.60 aq:30.49 tex:3035 mv:6162 misc:2403 imb:31 pmb:666 smb:2903 d:- ref:0 ;
in:629 out:628 type:P dur:2 cpbdur:2 q:33.53 aq:27.61 tex:24632 mv:15194 misc:3190 imb:379 pmb:1417 smb:1804 d:s ref:0 ;
in:628 out:629 type:b dur:2 cpbdur:2 q:33.56 aq:30.49 tex:2857 mv:6607 misc:2440 imb:34 pmb:662 smb:2904 d:t ref:0 ;
in:631 out:630 type:P dur:2 cpbdur:2 q:33.50 aq:28.14 tex:23966 mv:16459 misc:3239 imb:554 pmb:1413 smb:1633 d:s ref:0 ;
in:630 out:631 type:b dur:2 cpbdur:2 q:33.52 aq:29.05 tex:3179 mv:6851 misc:2402 imb:48 pmb:652 smb:2900 d:t ref:0 ;
in:633 out:632 type:P dur:2 cpbdur:2 q:33.42 aq:29.07 tex:16556 mv:13294 misc:3198 imb:400 pmb:1177 smb:2023 d:s ref:0 ;
in:632 out:633 type:b dur:2 cpbdur:2 q:33.46 aq:30.70 tex:5033 mv:7657 misc:2678 imb:64 pmb:788 smb:2748 d:t ref:0 ;
in:634 out:634 type:I dur:2 cpbdur:2 q:30.87 aq:23.98 tex:342840 mv:83045 misc:203 imb:3600 pmb:0 smb:0 d:s ref:;
in:638 out:635 type:P dur:2 cpbdur:2 q:33.71 aq:26.23 tex:56498 mv:11848 misc:2678 imb:292 pmb:1167 smb:2141 d:s ref:0 ;
in:636 out:636 type:B dur:2 cpbdur:2 q:33.71 aq:32.61 tex:11636 mv:6746 misc:1522 imb:27 pmb:551 smb:3022 d:t ref:0 ;
in:635 out:637 type:b dur:2 cpbdur:2 q:33.71 aq:31.56 tex:4230 mv:4553 misc:1425 imb:17 pmb:386 smb:3197 d:t ref:0 ;
in:637 out:638 type:b dur:2 cpbdur:2 q:33.71 aq:33.40 tex:5194 mv:4617 misc:1381 imb:5 pmb:392 smb:3203 d:- ref:0 ;
in:642 out:639 type:P dur:2 cpbdur:2 q:33.64 aq:26.44 tex:65087 mv:12952 misc:3049 imb:487 pmb:1235 smb:1878 d:s ref:0 ;
in:640 out:640 type:B dur:2 cpbdur:2 q:33.68 aq:30.54 tex:15754 mv:7473 misc:1677 imb:51 pmb:556 smb:2993 d:s ref:0 ;
in:639 out:641 type:b dur:2 cpbdur:2 q:33.69 aq:31.51 tex:5631 mv:5340 misc:1541 imb:8 pmb:430 smb:3162 d:t ref:0 ;
in:641 out:642 type:b dur:2 cpbdur:2 q:33.66 aq:31.71 tex:5830 mv:4484 misc:1302 imb:13 pmb:374 smb:3213 d:- ref:0 ;
in:646 out:643 type:P dur:2 cpbdur:2 q:33.60 aq:26.90 tex:74738 mv:14375 misc:2967 imb:547 pmb:1340 smb:1713 d:s ref:0 ;
in:644 out:644 type:B dur:2 cpbdur:2 q:33.62 aq:31.06 tex:17005 mv:7609 misc:1754 imb:56 pmb:610 smb:2934 d:s ref:0 ;
in:643 out:645 type:b dur:2 cpbdur:2 q:33.63 aq:31.40 tex:5012 mv:5024 misc:1348 imb:13 pmb:412 smb:3175 d:s ref:0 ;
in:645 out:646 type:b dur:2 cpbdur:2 q:33.61 aq:33.15 tex:6087 mv:5183 misc:1234 imb:11 pmb:423 smb:3166 d:- ref:0 ;
in:650 out:647 type:P dur:2 cpbdur:2 q:33.55 aq:26.98 tex:65280 mv:14322 misc:2750 imb:519 pmb:1401 smb:1680 d:s ref:0 ;
in:648 out:648 type:B dur:2 cpbdur:2 q:33.57 aq:31.07 tex:22069 mv:8656 misc:1771 imb:69 pmb:609 smb:2922 d:s ref:0 ;
in:647 out:649 type:b dur:2 cpbdur:2 q:33.59 aq:32.80 tex:8117 mv:5575 misc:1268 imb:16 pmb:422 smb:3162 d:s ref:0 ;
in:649 out:650 type:b dur:2 cpbdur:2 q:33.56 aq:32.42 tex:9129 mv:5945 misc:1414 imb:15 pmb:474 smb:3111 d:- ref:0 ;
in:654 out:651 type:P dur:2 cpbdur:2 q:33.54 aq:27.08 tex:72549 mv:15172 misc:2855 imb:613 pmb:1396 smb:1591 d:s ref:0 ;
in:652 out:652 type:B dur:2 cpbdur:2 q:33.54 aq:30.55 tex:18283 mv:8841 misc:1748 imb:93 pmb:608 smb:2899 d:t ref:0 ;
in:651 out:653 type:b dur:2 cpbdur:2 q:33.55 aq:31.80 tex:7148 mv:6056 misc:1332 imb:34 pmb:445 smb:3121 d:s ref:0 ;
in:653 out:654 type:b dur:2 cpbdur:2 q:33.54 aq:32.56 tex:8153 mv:5776 misc:1367 imb:42 pmb:439 smb:3119 d:- ref:0 ;
in:658 out:655 type:P dur:2 cpbdur:2 q:33.46 aq:26.92 tex:80865 mv:15440 misc:2919 imb:581 pmb:1447 smb:1572 d:s ref:0 ;
in:656 out:656 type:B dur:2 cpbdur:2 q:33.50 aq:29.76 tex:18895 mv:8223 misc:1730 imb:80 pmb:592 smb:2928 d:s ref:0 ;
in:655 out:657 type:b dur:2 cpbdur:2 q:33.52 aq:32.35 tex:9444 mv:5838 misc:1262 imb:61 pmb:395 smb:3144 d:s ref:0 ;
in:657 out:658 type:b dur:2 cpbdur:2 q:33.48 aq:32.00 tex:6542 mv:5177 misc:1401 imb:16 pmb:444 smb:3140 d:- ref:0 ;
in:662 out:659 type:P dur:2 cpbdur:2 q:33.40 aq:26.91 tex:85696 mv:15536 misc:2856 imb:607 pmb:1483 smb:1510 d:s ref:0 ;
in:660 out:660 type:B dur:2 cpbdur:2 q:33.43 aq:30.65 tex:19363 mv:9334 misc:1815 imb:38 pmb:658 smb:2904 d:s ref:0 ;
in:659 out:661 type:b dur:2 cpbdur:2 q:33.45 aq:32.48 tex:8833 mv:6451 misc:1476 imb:17 pmb:477 smb:3106 d:s ref:0 ;
in:661 out:662 type:b dur:2 cpbdur:2 q:33.42 aq:32.72 tex:7989 mv:5658 misc:1321 imb:8 pmb:450 smb:3142 d:- ref:0 ;
in:666 out:663 type:P dur:2 cpbdur:2 q:33.37 aq:26.71 tex:79778 mv:14016 misc:2982 imb:511 pmb:1389 smb:1700 d:s ref:0 ;
in:664 out:664 type:B dur:2 cpbdur:2 q:33.39 aq:29.98 tex:19593 mv:7774 misc:1641 imb:48 pmb:566 smb:2986 d:s ref:0 ;
in:663 out:665 type:b dur:2 cpbdur:2 q:33.39 aq:32.74 tex:7722 mv:5377 misc:1269 imb:9 pmb:420 smb:3171 d:s ref:0 ;
in:665 out:666 type:b dur:2 cpbdur:2 q:33.38 aq:33.06 tex:6756 mv:5347 misc:1377 imb:9 pmb:438 smb:3153 d:- ref:0 ;
in:670 out:667 type:P dur:2 cpbdur:2 q:33.35 aq:26.94 tex:63657 mv:13389 misc:2882 imb:390 pmb:1388 smb:1822 d:s ref:0 ;
in:668 out:668 type:B dur:2 cpbdur:2 q:33.36 aq:30.08 tex:14173 mv:6473 misc:1690 imb:39 pmb:548 smb:3013 d:s ref:0 ;
in:667 out:669 type:b dur:2 cpbdur:2 q:33.37 aq:32.53 tex:5175 mv:4415 misc:1338 imb:14 pmb:380 smb:3206 d:s ref:0 ;
in:669 out:670 type:b dur:2 cpbdur:2 q:33.36 aq:32.81 tex:4436 mv:3336 misc:1260 imb:2 pmb:349 smb:3249 d:- ref:0 ;
in:674 out:671 type:P dur:2 cpbdur:2 q:33.32 aq:26.95 tex:63508 mv:14264 misc:2796 imb:400 pmb:1458 smb:1742 d:s ref:0 ;
in:672 out:672 type:B dur:2 cpbdur:2 q:33.34 aq:30.90 tex:12240 mv:6897 misc:1775 imb:40 pmb:584 smb:2976 d:s ref:0 ;
in:671 out:673 type:b dur:2 cpbdur:2 q:33.34 aq:32.02 tex:4762 mv:3941 misc:1377 imb:11 pmb:363 smb:3226 d:s ref:0 ;
in:673 out:674 type:b dur:2 cpbdur:2 q:33.33 aq:32.80 tex:5847 mv:4012 misc:1477 imb:14 pmb:382 smb:3204 d:- ref:0 ;
in:678 out:675 type:P dur:2 cpbdur:2 q:33.28 aq:27.70 tex:57727 mv:12981 misc:2716 imb:306 pmb:1339 smb:1955 d:s ref:0 ;
in:676 out:676 type:B dur:2 cpbdur:2 q:33.30 aq:30.81 tex:16232 mv:8530 misc:2046 imb:28 pmb:720 smb:2852 d:s ref:0 ;
in:675 out:677 type:b dur:2 cpbdur:2 q:33.31 aq:32.85 tex:5475 mv:3591 misc:1086 imb:2 pmb:298 smb:3300 d:s ref:0 ;
in:677 out:678 type:b dur:2 cpbdur:2 q:33.29 aq:32.08 tex:4194 mv:3355 misc:1067 imb:2 pmb:287 smb:3311 d:- ref:0 ;
in:682 out:679 type:P dur:2 cpbdur:2 q:33.22 aq:29.44 tex:40358 mv:11336 misc:2306 imb:230 pmb:1069 smb:2301 d:s ref:0 ;
in:680 out:680 type:B dur:2 cpbdur:2 q:33.25 aq:29.57 tex:14495 mv:8330 misc:1999 imb:19 pmb:724 smb:2857 d:t ref:0 ;
in:679 out:681 type:b dur:2 cpbdur:2 q:33.26 aq:33.01 tex:3475 mv:3712 misc:1061 imb:3 pmb:283 smb:3314 d:s ref:0 ;
in:681 out:682 type:b dur:2 cpbdur:2 q:33.24 aq:32.36 tex:2810 mv:3490 misc:1132 imb:5 pmb:275 smb:3320 d:- ref:0 ;
in:683 out:683 type:P dur:2 cpbdur:2 q:33.15 aq:31.17 tex:9548 mv:5080 misc:1980 imb:34 pmb:640 smb:2926 d:s ref:0 ;
in:684 out:684 type:I dur:2 cpbdur:2 q:30.49 aq:26.34 tex:356815 mv:93007 misc:194 imb:3600 pmb:0 smb:0 d:s ref:;
in:685 out:685 type:P dur:2 cpbdur:2 q:33.35 aq:28.30 tex:17709 mv:8879 misc:2756 imb:28 pmb:1424 smb:2148 d:s ref:0 ;
in:687 out:686 type:P dur:2 cpbdur:2 q:33.35 aq:28.27 tex:108845 mv:15831 misc:1748 imb:211 pmb:2037 smb:1352 d:s ref:0 ;
in:686 out:687 type:b dur:2 cpbdur:2 q:33.35 aq:32.47 tex:2366 mv:6503 misc:2027 imb:4 pmb:603 smb:2993 d:t ref:0 ;
in:689 out:688 type:P dur:2 cpbdur:2 q:33.38 aq:28.17 tex:105892 mv:15932 misc:1896 imb:243 pmb:2020 smb:1337 d:s ref:0 ;
in:688 out:689 type:b dur:2 cpbdur:2 q:33.37 aq:34.95 tex:2138 mv:6573 misc:2097 imb:3 pmb:613 smb:2984 d:t ref:0 ;
in:691 out:690 type:P dur:2 cpbdur:2 q:33.38 aq:28.54 tex:105199 mv:16096 misc:1945 imb:254 pmb:2071 smb:1275 d:s ref:0 ;
in:690 out:691 type:b dur:2 cpbdur:2 q:33.38 aq:29.64 tex:3496 mv:6607 misc:2129 imb:1 pmb:659 smb:2940 d:t ref:0 ;
in:694 out:692 type:P dur:2 cpbdur:2 q:33.40 aq:28.55 tex:148223 mv:19614 misc:1795 imb:524 pmb:1996 smb:1080 d:s ref:0 ;
in:692 out:693 type:B dur:2 cpbdur:2 q:33.39 aq:31.27 tex:12962 mv:12232 misc:2606 imb:11 pmb:1044 smb:2545 d:t ref:0 ;
in:693 out:694 type:b dur:2 cpbdur:2 q:33.40 aq:30.73 tex:3679 mv:7019 misc:2102 imb:6 pmb:617 smb:2977 d:- ref:0 ;
in:695 out:695 type:P dur:2 cpbdur:2 q:33.41 aq:28.78 tex:64561 mv:12367 misc:2296 imb:104 pmb:2080 smb:1416 d:s ref:0 ;
in:697 out:696 type:P dur:2 cpbdur:2 q:33.42 aq:28.42 tex:108076 mv:17108 misc:2000 imb:244 pmb:2195 smb:1161 d:t ref:0 ;
in:696 out:697 type:b dur:2 cpbdur:2 q:33.41 aq:35.81 tex:3575 mv:6814 misc:2227 imb:4 pmb:682 smb:2914 d:t ref:0 ;
in:699 out:698 type:P dur:2 cpbdur:2 q:33.40 aq:28.82 tex:105179 mv:16769 misc:1996 imb:254 pmb:2186 smb:1160 d:s ref:0 ;
in:698 out:699 type:b dur:2 cpbdur:2 q:33.41 aq:31.93 tex:2230 mv:6645 misc:2125 imb:7 pmb:636 smb:2957 d:t ref:0 ;
in:701 out:700 type:P dur:2 cpbdur:2 q:33.54 aq:29.13 tex:97653 mv:16325 misc:2022 imb:250 pmb:2096 smb:1254 d:s ref:0 ;
in:700 out:701 type:b dur:2 cpbdur:2 q:33.47 aq:31.08 tex:2324 mv:6419 misc:2065 imb:5 pmb:614 smb:2981 d:t ref:0 ;
in:703 out:702 type:P dur:2 cpbdur:2 q:33.54 aq:28.61 tex:101797 mv:16661 misc:2038 imb:292 pmb:2096 smb:1212 d:s ref:0 ;
in:702 out:703 type:b dur:2 cpbdur:2 q:33.54 aq:30.44 tex:2390 mv:6650 misc:2120 imb:6 pmb:648 smb:2946 d:t ref:0 ;
in:705 out:704 type:P dur:2 cpbdur:2 q:33.57 aq:29.08 tex:87708 mv:16033 misc:2131 imb:270 pmb:2047 smb:1283 d:s ref:0 ;
in:704 out:705 type:b dur:2 cpbdur:2 q:33.56 aq:32.16 tex:3090 mv:6669 misc:2145 imb:9 pmb:630 smb:2961 d:t ref:0 ;
in:708 out:706 type:P dur:2 cpbdur:2 q:33.61 aq:30.20 tex:107558 mv:17613 misc:1893 imb:558 pmb:1741 smb:1301 d:s ref:0 ;
in:706 out:707 type:B dur:2 cpbdur:2 q:33.59 aq:31.81 tex:14410 mv:12032 misc:2662 imb:13 pmb:1090 smb:2497 d:t ref:0 ;
in:707 out:708 type:b dur:2 cpbdur:2 q:33.60 aq:31.53 tex:4790 mv:7441 misc:2249 imb:7 pmb:690 smb:2903 d:- ref:0 ;
in:709 out:709 type:P dur:2 cpbdur:2 q:33.67 aq:31.63 tex:16249 mv:8471 misc:2984 imb:59 pmb:1206 smb:2335 d:t ref:0 ;
in:710 out:710 type:I dur:2 cpbdur:2 q:30.55 aq:26.67 tex:662334 mv:111204 misc:206 imb:3600 pmb:0 smb:0 d:t ref:;
in:714 out:711 type:P dur:2 cpbdur:2 q:34.12 aq:30.71 tex:70001 mv:19498 misc:2413 imb:190 pmb:2125 smb:1285 d:t ref:0 ;
in:712 out:712 type:B dur:2 cpbdur:2 q:34.12 aq:31.55 tex:6922 mv:4028 misc:1554 imb:11 pmb:392 smb:3197 d:t ref:0 ;
in:711 out:713 type:b dur:2 cpbdur:2 q:34.12 aq:33.01 tex:756 mv:1630 misc:886 imb:5 pmb:168 smb:3427 d:s ref:0 ;
in:713 out:714 type:b dur:2 cpbdur:2 q:34.12 aq:33.21 tex:1446 mv:7919 misc:2275 imb:6 pmb:656 smb:2938 d:- ref:0 ;
in:718 out:715 type:P dur:2 cpbdur:2 q:34.18 aq:32.49 tex:59028 mv:19512 misc:2428 imb:469 pmb:1954 smb:1177 d:t ref:0 ;
in:716 out:716 type:B dur:2 cpbdur:2 q:34.15 aq:32.37 tex:10731 mv:5601 misc:2260 imb:24 pmb:610 smb:2966 d:t ref:0 ;
in:715 out:717 type:b dur:2 cpbdur:2 q:34.13 aq:32.51 tex:1589 mv:2339 misc:1360 imb:1 pmb:274 smb:3325 d:s ref:0 ;
in:717 out:718 type:b dur:2 cpbdur:2 q:34.16 aq:33.73 tex:2336 mv:8568 misc:2400 imb:8 pmb:736 smb:2856 d:- ref:0 ;
in:719 out:719 type:P dur:2 cpbdur:2 q:34.22 aq:33.36 tex:11156 mv:8154 misc:2818 imb:52 pmb:1068 smb:2480 d:t ref:0 ;
in:720 out:720 type:i dur:2 cpbdur:2 q:30.81 aq:28.73 tex:687251 mv:144264 misc:205 imb:3600 pmb:0 smb:0 d:t ref:;
in:721 out:721 type:P dur:2 cpbdur:2 q:34.65 aq:33.52 tex:20915 mv:11671 misc:3446 imb:28 pmb:1695 smb:1877 d:t ref:0 ;
in:722 out:722 type:P dur:2 cpbdur:2 q:34.71 aq:33.27 tex:69053 mv:20916 misc:2543 imb:117 pmb:2578 smb:905 d:t ref:0 ;
in:723 out:723 type:P dur:2 cpbdur:2 q:34.75 aq:33.27 tex:49164 mv:14962 misc:3178 imb:46 pmb:2276 smb:1278 d:t ref:0 ;
in:724 out:724 type:P dur:2 cpbdur:2 q:34.76 aq:33.21 tex:88696 mv:21700 misc:2196 imb:128 pmb:2805 smb:667 d:t ref:0 ;
in:725 out:725 type:P dur:2 cpbdur:2 q:34.79 aq:33.46 tex:57083 mv:15692 misc:3001 imb:66 pmb:2433 smb:1101 d:t ref:0 ;
in:726 out:726 type:P dur:2 cpbdur:2 q:34.99 aq:33.57 tex:88476 mv:21974 misc:2190 imb:125 pmb:2798 smb:677 d:t ref:0 ;
in:727 out:727 type:P dur:2 cpbdur:2 q:35.01 aq:33.85 tex:55053 mv:15622 misc:3093 imb:54 pmb:2425 smb:1121 d:t ref:0 ;
in:728 out:728 type:P dur:2 cpbdur:2 q:35.00 aq:33.97 tex:93206 mv:21930 misc:2280 imb:96 pmb:2832 smb:672 d:t ref:0 ;
in:729 out:729 type:P dur:2 cpbdur:2 q:35.01 aq:34.26 tex:50183 mv:15597 misc:3124 imb:66 pmb:2378 smb:1156 d:t ref:0 ;
in:730 out:730 type:P dur:2 cpbdur:2 q:35.00 aq:34.76 tex:73249 mv:21094 misc:2537 imb:117 pmb:2653 smb:830 d:t ref:0 ;
in:731 out:731 type:P dur:2 cpbdur:2 q:35.01 aq:35.24 tex:40976 mv:14265 misc:3351 imb:76 pmb:2074 smb:1450 d:t ref:0 ;
in:732 out:732 type:P dur:2 cpbdur:2 q:35.01 aq:37.05 tex:39742 mv:18068 misc:3238 imb:123 pmb:2034 smb:1443 d:t ref:0 ;
in:733 out:733 type:i dur:2 cpbdur:2 q:31.35 aq:24.06 tex:252109 mv:62745 misc:202 imb:3600 pmb:0 smb:0 d:t ref:;
in:737 out:734 type:P dur:2 cpbdur:2 q:35.17 aq:27.98 tex:12550 mv:10717 misc:2301 imb:182 pmb:1080 smb:2338 d:t ref:0 ;
in:735 out:735 type:B dur:2 cpbdur:2 q:35.17 aq:29.51 tex:842 mv:852 misc:674 imb:5 pmb:84 smb:3511 d:t ref:0 ;
in:734 out:736 type:b dur:2 cpbdur:2 q:35.17 aq:30.98 tex:202 mv:320 misc:446 imb:0 pmb:42 smb:3558 d:t ref:0 ;
in:736 out:737 type:b dur:2 cpbdur:2 q:35.17 aq:33.27 tex:416 mv:2699 misc:1173 imb:2 pmb:248 smb:3350 d:- ref:0 ;
in:741 out:738 type:P dur:2 cpbdur:2 q:35.30 aq:27.78 tex:23271 mv:12821 misc:2532 imb:481 pmb:1178 smb:1941 d:t ref:0 ;
in:739 out:739 type:B dur:2 cpbdur:2 q:35.23 aq:29.26 tex:926 mv:1328 misc:914 imb:21 pmb:123 smb:3456 d:t ref:0 ;
in:738 out:740 type:b dur:2 cpbdur:2 q:35.20 aq:27.54 tex:195 mv:480 misc:565 imb:7 pmb:56 smb:3537 d:s ref:0 ;
in:740 out:741 type:b dur:2 cpbdur:2 q:35.27 aq:29.57 tex:436 mv:2736 misc:1212 imb:11 pmb:250 smb:3339 d:- ref:0 ;
in:745 out:742 type:P dur:2 cpbdur:2 q:35.28 aq:28.03 tex:26960 mv:13217 misc:2671 imb:552 pmb:1173 smb:1875 d:t ref:0 ;
in:743 out:743 type:B dur:2 cpbdur:2 q:35.29 aq:31.05 tex:863 mv:1982 misc:1139 imb:15 pmb:214 smb:3371 d:t ref:0 ;
in:742 out:744 type:b dur:2 cpbdur:2 q:35.29 aq:30.61 tex:168 mv:1308 misc:980 imb:2 pmb:179 smb:3419 d:s ref:0 ;
in:744 out:745 type:b dur:2 cpbdur:2 q:35.28 aq:31.41 tex:266 mv:2537 misc:1149 imb:3 pmb:241 smb:3356 d:- ref:0 ;
in:749 out:746 type:P dur:2 cpbdur:2 q:35.32 aq:28.08 tex:29145 mv:13642 misc:2717 imb:510 pmb:1204 smb:1886 d:t ref:0 ;
in:747 out:747 type:B dur:2 cpbdur:2 q:35.30 aq:28.54 tex:741 mv:1535 misc:1004 imb:21 pmb:138 smb:3441 d:t ref:0 ;
in:746 out:748 type:b dur:2 cpbdur:2 q:35.29 aq:28.94 tex:69 mv:707 misc:720 imb:4 pmb:85 smb:3511 d:s ref:0 ;
in:748 out:749 type:b dur:2 cpbdur:2 q:35.31 aq:33.95 tex:349 mv:2448 misc:1147 imb:4 pmb:237 smb:3359 d:- ref:0 ;
in:753 out:750 type:P dur:2 cpbdur:2 q:35.28 aq:28.18 tex:27898 mv:13616 misc:2902 imb:597 pmb:1170 smb:1833 d:t ref:0 ;
in:751 out:751 type:B dur:2 cpbdur:2 q:35.30 aq:29.31 tex:843 mv:1748 misc:1065 imb:19 pmb:159 smb:3422 d:t ref:0 ;
in:750 out:752 type:b dur:2 cpbdur:2 q:35.31 aq:32.90 tex:175 mv:805 misc:692 imb:3 pmb:95 smb:3502 d:s ref:0 ;
in:752 out:753 type:b dur:2 cpbdur:2 q:35.29 aq:34.05 tex:253 mv:2227 misc:1048 imb:4 pmb:208 smb:3388 d:- ref:0 ;
in:757 out:754 type:P dur:2 cpbdur:2 q:35.11 aq:28.21 tex:30261 mv:14769 misc:2786 imb:748 pmb:1182 smb:1670 d:t ref:0 ;
in:755 out:755 type:B dur:2 cpbdur:2 q:35.19 aq:29.77 tex:1264 mv:1689 misc:1023 imb:23 pmb:154 smb:3423 d:t ref:0 ;
in:754 out:756 type:b dur:2 cpbdur:2 q:35.24 aq:31.82 tex:141 mv:692 misc:639 imb:3 pmb:76 smb:3521 d:s ref:0 ;
in:756 out:757 type:b dur:2 cpbdur:2 q:35.15 aq:27.87 tex:308 mv:2604 misc:1216 imb:4 pmb:255 smb:3341 d:- ref:0 ;
in:761 out:758 type:P dur:2 cpbdur:2 q:35.03 aq:28.11 tex:28205 mv:14572 misc:2983 imb:790 pmb:1169 smb:1641 d:t ref:0 ;
in:759 out:759 type:B dur:2 cpbdur:2 q:35.07 aq:30.34 tex:1239 mv:1421 misc:1028 imb:20 pmb:145 smb:3435 d:t ref:0 ;
in:758 out:760 type:b dur:2 cpbdur:2 q:35.09 aq:29.30 tex:205 mv:704 misc:715 imb:6 pmb:83 smb:3511 d:s ref:0 ;
in:760 out:761 type:b dur:2 cpbdur:2 q:35.05 aq:32.05 tex:189 mv:2258 misc:1057 imb:1 pmb:212 smb:3387 d:- ref:0 ;
in:765 out:762 type:P dur:2 cpbdur:2 q:34.90 aq:29.41 tex:14053 mv:11399 misc:2932 imb:482 pmb:945 smb:2173 d:t ref:0 ;
in:763 out:763 type:B dur:2 cpbdur:2 q:34.96 aq:30.03 tex:1610 mv:1550 misc:1128 imb:17 pmb:173 smb:3410 d:t ref:0 ;
in:762 out:764 type:b dur:2 cpbdur:2 q:35.00 aq:31.41 tex:112 mv:881 misc:879 imb:2 pmb:129 smb:3469 d:s ref:0 ;
in:764 out:765 type:b dur:2 cpbdur:2 q:34.93 aq:30.55 tex:394 mv:2617 misc:1205 imb:8 pmb:247 smb:3345 d:- ref:0 ;
in:767 out:766 type:P dur:2 cpbdur:2 q:34.77 aq:30.96 tex:3828 mv:6417 misc:2491 imb:171 pmb:563 smb:2866 d:t ref:0 ;
in:766 out:767 type:b dur:2 cpbdur:2 q:34.84 aq:30.35 tex:507 mv:354 misc:547 imb:7 pmb:45 smb:3548 d:t ref:0 ;
in:768 out:768 type:I dur:2 cpbdur:2 q:32.04 aq:25.01 tex:272277 mv:72419 misc:216 imb:3600 pmb:0 smb:0 d:t ref:;
in:772 out:769 type:P dur:2 cpbdur:2 q:34.84 aq:28.02 tex:45569 mv:16313 misc:1462 imb:374 pmb:1607 smb:1619 d:t ref:0 ;
in:770 out:770 type:B dur:2 cpbdur:2 q:34.84 aq:26.62 tex:2759 mv:4242 misc:511 imb:7 pmb:342 smb:3251 d:s ref:0 ;
in:769 out:771 type:b dur:2 cpbdur:2 q:34.84 aq:26.60 tex:432 mv:1152 misc:464 imb:1 pmb:133 smb:3466 d:s ref:0 ;
in:771 out:772 type:b dur:2 cpbdur:2 q:34.84 aq:26.71 tex:611 mv:4876 misc:1401 imb:1 pmb:413 smb:3186 d:- ref:0 ;
in:775 out:773 type:P dur:2 cpbdur:2 q:34.70 aq:28.17 tex:42309 mv:16344 misc:2131 imb:304 pmb:1689 smb:1607 d:t ref:0 ;
in:773 out:774 type:B dur:2 cpbdur:2 q:34.80 aq:27.02 tex:1234 mv:1971 misc:595 imb:3 pmb:195 smb:3402 d:s ref:0 ;
in:774 out:775 type:b dur:2 cpbdur:2 q:34.75 aq:29.10 tex:484 mv:5171 misc:1433 imb:0 pmb:439 smb:3161 d:- ref:0 ;
in:778 out:776 type:P dur:2 cpbdur:2 q:34.65 aq:27.84 tex:50163 mv:16624 misc:2173 imb:334 pmb:1701 smb:1565 d:t ref:0 ;
in:776 out:777 type:B dur:2 cpbdur:2 q:34.68 aq:31.10 tex:1295 mv:1983 misc:674 imb:3 pmb:195 smb:3402 d:s ref:0 ;
in:777 out:778 type:b dur:2 cpbdur:2 q:34.66 aq:28.99 tex:708 mv:4801 misc:1371 imb:0 pmb:401 smb:3199 d:- ref:0 ;
in:781 out:779 type:P dur:2 cpbdur:2 q:34.58 aq:27.97 tex:57643 mv:16520 misc:2005 imb:288 pmb:1726 smb:1586 d:t ref:0 ;
in:779 out:780 type:B dur:2 cpbdur:2 q:34.62 aq:29.64 tex:985 mv:2132 misc:699 imb:1 pmb:207 smb:3392 d:s ref:0 ;
in:780 out:781 type:b dur:2 cpbdur:2 q:34.60 aq:30.56 tex:829 mv:5344 misc:1395 imb:1 pmb:453 smb:3146 d:- ref:0 ;
in:784 out:782 type:P dur:2 cpbdur:2 q:34.49 aq:28.36 tex:58052 mv:15228 misc:2088 imb:286 pmb:1639 smb:1675 d:t ref:0 ;
in:782 out:783 type:B dur:2 cpbdur:2 q:34.55 aq:32.05 tex:1716 mv:4222 misc:854 imb:2 pmb:401 smb:3197 d:s ref:0 ;
in:783 out:784 type:b dur:2 cpbdur:2 q:34.52 aq:27.22 tex:535 mv:5424 misc:1433 imb:3 pmb:444 smb:3153 d:- ref:0 ;
in:786 out:785 type:P dur:2 cpbdur:2 q:34.52 aq:28.45 tex:45336 mv:13367 misc:2353 imb:239 pmb:1564 smb:1797 d:t ref:0 ;
in:785 out:786 type:b dur:2 cpbdur:2 q:34.51 aq:28.70 tex:358 mv:743 misc:435 imb:1 pmb:115 smb:3484 d:s ref:0 ;
in:788 out:787 type:P dur:2 cpbdur:2 q:34.46 aq:29.05 tex:43939 mv:13670 misc:2479 imb:237 pmb:1547 smb:1816 d:t ref:0 ;
in:787 out:788 type:b dur:2 cpbdur:2 q:34.49 aq:30.49 tex:328 mv:738 misc:454 imb:1 pmb:112 smb:3487 d:s ref:0 ;
in:790 out:789 type:P dur:2 cpbdur:2 q:34.43 aq:29.70 tex:36624 mv:12529 misc:2351 imb:203 pmb:1419 smb:1978 d:t ref:0 ;
in:789 out:790 type:b dur:2 cpbdur:2 q:34.44 aq:30.79 tex:387 mv:889 misc:508 imb:0 pmb:123 smb:3477 d:s ref:0 ;
in:791 out:791 type:P dur:2 cpbdur:2 q:34.36 aq:30.01 tex:34639 mv:11644 misc:2269 imb:168 pmb:1354 smb:2078 d:t ref:0 ;
in:792 out:792 type:P dur:2 cpbdur:2 q:34.37 aq:30.05 tex:33867 mv:11439 misc:2246 imb:161 pmb:1307 smb:2132 d:s ref:0 ;
in:793 out:793 type:P dur:2 cpbdur:2 q:34.35 aq:30.56 tex:26288 mv:11035 misc:2245 imb:182 pmb:1227 smb:2191 d:t ref:0 ;
in:794 out:794 type:P dur:2 cpbdur:2 q:34.33 aq:32.14 tex:18868 mv:9687 misc:2205 imb:129 pmb:1037 smb:2434 d:t ref:0 ;
in:795 out:795 type:I dur:2 cpbdur:2 q:31.73 aq:26.77 tex:274816 mv:67875 misc:213 imb:3600 pmb:0 smb:0 d:s ref:;
in:799 out:796 type:P dur:2 cpbdur:2 q:34.56 aq:29.11 tex:115622 mv:20906 misc:1496 imb:1289 pmb:1311 smb:1000 d:s ref:0 ;
in:797 out:797 type:B dur:2 cpbdur:2 q:34.56 aq:30.48 tex:14890 mv:20600 misc:2398 imb:175 pmb:1321 smb:2104 d:s ref:0 ;
in:796 out:798 type:b dur:2 cpbdur:2 q:34.56 aq:31.62 tex:6594 mv:14774 misc:2440 imb:68 pmb:1083 smb:2449 d:s ref:0 ;
in:798 out:799 type:b dur:2 cpbdur:2 q:34.56 aq:33.58 tex:4224 mv:11948 misc:2340 imb:57 pmb:915 smb:2628 d:- ref:0 ;
in:803 out:800 type:P dur:2 cpbdur:2 q:34.54 aq:28.94 tex:98488 mv:22054 misc:1762 imb:1152 pmb:1483 smb:965 d:s ref:0 ;
in:801 out:801 type:B dur:2 cpbdur:2 q:34.55 aq:30.60 tex:7940 mv:17053 misc:2551 imb:89 pmb:1227 smb:2284 d:s ref:0 ;
in:800 out:802 type:b dur:2 cpbdur:2 q:34.56 aq:33.41 tex:3768 mv:12056 misc:2368 imb:48 pmb:926 smb:2626 d:s ref:0 ;
in:802 out:803 type:b dur:2 cpbdur:2 q:34.55 aq:31.90 tex:2143 mv:8983 misc:2242 imb:32 pmb:752 smb:2816 d:- ref:0 ;
in:807 out:804 type:P dur:2 cpbdur:2 q:34.53 aq:29.31 tex:66677 mv:22284 misc:2143 imb:840 pmb:1710 smb:1050 d:s ref:0 ;
in:805 out:805 type:B dur:2 cpbdur:2 q:34.54 aq:30.82 tex:6815 mv:15352 misc:2481 imb:75 pmb:1117 smb:2408 d:t ref:0 ;
in:804 out:806 type:b dur:2 cpbdur:2 q:34.54 aq:32.90 tex:1865 mv:9158 misc:2153 imb:27 pmb:738 smb:2835 d:t ref:0 ;
in:806 out:807 type:b dur:2 cpbdur:2 q:34.53 aq:32.59 tex:1981 mv:9250 misc:2201 imb:29 pmb:778 smb:2793 d:- ref:0 ;
in:811 out:808 type:P dur:2 cpbdur:2 q:34.50 aq:30.11 tex:60497 mv:22090 misc:2333 imb:820 pmb:1675 smb:1105 d:s ref:0 ;
in:809 out:809 type:B dur:2 cpbdur:2 q:34.51 aq:30.63 tex:6283 mv:15649 misc:2476 imb:78 pmb:1140 smb:2382 d:t ref:0 ;
in:808 out:810 type:b dur:2 cpbdur:2 q:34.52 aq:33.08 tex:2268 mv:8841 misc:2211 imb:26 pmb:756 smb:2818 d:t ref:0 ;
in:810 out:811 type:b dur:2 cpbdur:2 q:34.51 aq:32.26 tex:2090 mv:8573 misc:2137 imb:25 pmb:743 smb:2832 d:- ref:0 ;
in:815 out:812 type:P dur:2 cpbdur:2 q:34.51 aq:30.76 tex:45652 mv:21697 misc:2379 imb:869 pmb:1601 smb:1130 d:s ref:0 ;
in:813 out:813 type:B dur:2 cpbdur:2 q:34.51 aq:30.66 tex:7740 mv:15536 misc:2604 imb:102 pmb:1113 smb:2385 d:t ref:0 ;
in:812 out:814 type:b dur:2 cpbdur:2 q:34.50 aq:32.29 tex:1834 mv:8994 misc:2180 imb:35 pmb:735 smb:2830 d:t ref:0 ;
in:814 out:815 type:b dur:2 cpbdur:2 q:34.51 aq:32.71 tex:1976 mv:8590 misc:2226 imb:25 pmb:771 smb:2804 d:- ref:0 ;
in:817 out:816 type:P dur:2 cpbdur:2 q:34.48 aq:32.47 tex:13136 mv:12965 misc:2843 imb:332 pmb:1123 smb:2145 d:s ref:0 ;
in:816 out:817 type:b dur:2 cpbdur:2 q:34.50 aq:31.82 tex:3035 mv:9242 misc:2283 imb:39 pmb:836 smb:2725 d:t ref:0 ;
in:818 out:818 type:i dur:2 cpbdur:2 q:31.65 aq:27.39 tex:567340 mv:116466 misc:218 imb:3600 pmb:0 smb:0 d:s ref:;
in:820 out:819 type:P dur:2 cpbdur:2 q:34.80 aq:31.57 tex:53423 mv:14072 misc:2113 imb:122 pmb:2020 smb:1458 d:s ref:0 ;
in:819 out:820 type:b dur:2 cpbdur:2 q:34.80 aq:34.42 tex:1933 mv:8178 misc:2209 imb:5 pmb:648 smb:2947 d:t ref:0 ;
in:822 out:821 type:P dur:2 cpbdur:2 q:34.84 aq:31.46 tex:77064 mv:15405 misc:2075 imb:146 pmb:2086 smb:1368 d:s ref:0 ;
in:821 out:822 type:b dur:2 cpbdur:2 q:34.82 aq:36.73 tex:2359 mv:8776 misc:2377 imb:1 pmb:747 smb:2852 d:t ref:0 ;
in:824 out:823 type:P dur:2 cpbdur:2 q:34.84 aq:31.29 tex:82609 mv:15155 misc:1972 imb:166 pmb:2148 smb:1286 d:s ref:0 ;
in:823 out:824 type:b dur:2 cpbdur:2 q:34.84 aq:36.61 tex:2095 mv:8476 misc:2389 imb:2 pmb:728 smb:2870 d:t ref:0 ;
in:826 out:825 type:P dur:2 cpbdur:2 q:34.88 aq:31.18 tex:81659 mv:15904 misc:1973 imb:227 pmb:2226 smb:1147 d:t ref:0 ;
in:825 out:826 type:b dur:2 cpbdur:2 q:34.86 aq:35.18 tex:1711 mv:1328 misc:841 imb:4 pmb:181 smb:3415 d:t ref:0 ;
in:828 out:827 type:P dur:2 cpbdur:2 q:34.88 aq:31.40 tex:87316 mv:15843 misc:1897 imb:166 pmb:2241 smb:1193 d:t ref:0 ;
in:827 out:828 type:b dur:2 cpbdur:2 q:34.88 aq:34.98 tex:1580 mv:1323 misc:817 imb:3 pmb:199 smb:3398 d:t ref:0 ;
in:830 out:829 type:P dur:2 cpbdur:2 q:34.91 aq:31.30 tex:82500 mv:16393 misc:1987 imb:248 pmb:2251 smb:1101 d:t ref:0 ;
in:829 out:830 type:b dur:2 cpbdur:2 q:34.89 aq:34.88 tex:1668 mv:1470 misc:942 imb:8 pmb:202 smb:3390 d:t ref:0 ;
in:832 out:831 type:P dur:2 cpbdur:2 q:34.91 aq:31.57 tex:84813 mv:16069 misc:1870 imb:212 pmb:2249 smb:1139 d:t ref:0 ;
in:831 out:832 type:b dur:2 cpbdur:2 q:34.91 aq:34.50 tex:1674 mv:1515 misc:883 imb:6 pmb:204 smb:3390 d:t ref:0 ;
in:834 out:833 type:P dur:2 cpbdur:2 q:34.91 aq:31.31 tex:82189 mv:16273 misc:1842 imb:228 pmb:2261 smb:1111 d:t ref:0 ;
in:833 out:834 type:b dur:2 cpbdur:2 q:34.91 aq:33.46 tex:1220 mv:1380 misc:912 imb:5 pmb:200 smb:3395 d:t ref:0 ;
in:837 out:835 type:P dur:2 cpbdur:2 q:35.04 aq:31.99 tex:96406 mv:18986 misc:1656 imb:438 pmb:2256 smb:906 d:t ref:0 ;
in:835 out:836 type:B dur:2 cpbdur:2 q:34.95 aq:35.35 tex:3735 mv:3549 misc:1316 imb:5 pmb:394 smb:3201 d:t ref:0 ;
in:836 out:837 type:b dur:2 cpbdur:2 q:35.00 aq:35.81 tex:2760 mv:8841 misc:2463 imb:15 pmb:788 smb:2797 d:- ref:0 ;
in:839 out:838 type:P dur:2 cpbdur:2 q:35.01 aq:32.27 tex:70889 mv:15794 misc:2213 imb:204 pmb:2155 smb:1241 d:t ref:0 ;
in:838 out:839 type:b dur:2 cpbdur:2 q:35.02 aq:36.05 tex:1465 mv:1470 misc:857 imb:3 pmb:216 smb:3381 d:t ref:0 ;
in:841 out:840 type:P dur:2 cpbdur:2 q:35.01 aq:32.66 tex:60306 mv:15696 misc:2406 imb:307 pmb:2046 smb:1247 d:t ref:0 ;
in:840 out:841 type:b dur:2 cpbdur:2 q:35.01 aq:34.81 tex:1733 mv:1702 misc:965 imb:18 pmb:206 smb:3376 d:t ref:0 ;
in:842 out:842 type:P dur:2 cpbdur:2 q:35.00 aq:33.04 tex:33164 mv:10339 misc:2977 imb:120 pmb:1592 smb:1888 d:t ref:0 ;
in:844 out:843 type:P dur:2 cpbdur:2 q:35.02 aq:34.87 tex:28353 mv:12891 misc:2836 imb:218 pmb:1560 smb:1822 d:t ref:0 ;
in:843 out:844 type:b dur:2 cpbdur:2 q:35.01 aq:36.23 tex:3494 mv:1645 misc:1133 imb:8 pmb:274 smb:3318 d:t ref:0 ;
in:845 out:845 type:I dur:2 cpbdur:2 q:31.93 aq:27.34 tex:384874 mv:89941 misc:201 imb:3600 pmb:0 smb:0 d:t ref:;
in:849 out:846 type:P dur:2 cpbdur:2 q:35.28 aq:31.33 tex:86543 mv:21927 misc:2378 imb:340 pmb:2241 smb:1019 d:t ref:0 ;
in:847 out:847 type:B dur:2 cpbdur:2 q:35.28 aq:35.89 tex:10137 mv:7013 misc:1858 imb:39 pmb:626 smb:2935 d:s ref:0 ;
in:846 out:848 type:b dur:2 cpbdur:2 q:35.28 aq:36.70 tex:4107 mv:3219 misc:1474 imb:13 pmb:388 smb:3199 d:s ref:0 ;
in:848 out:849 type:b dur:2 cpbdur:2 q:35.28 aq:38.27 tex:4717 mv:8582 misc:2501 imb:11 pmb:773 smb:2816 d:- ref:0 ;
in:853 out:850 type:P dur:2 cpbdur:2 q:35.28 aq:31.52 tex:109368 mv:23365 misc:2155 imb:449 pmb:2297 smb:854 d:t ref:0 ;
in:851 out:851 type:B dur:2 cpbdur:2 q:35.28 aq:35.06 tex:14625 mv:8602 misc:2221 imb:40 pmb:786 smb:2774 d:s ref:0 ;
in:850 out:852 type:b dur:2 cpbdur:2 q:35.28 aq:36.02 tex:4931 mv:4267 misc:1762 imb:11 pmb:492 smb:3097 d:s ref:0 ;
in:852 out:853 type:b dur:2 cpbdur:2 q:35.28 aq:37.81 tex:5147 mv:8872 misc:2437 imb:16 pmb:752 smb:2832 d:- ref:0 ;
in:857 out:854 type:P dur:2 cpbdur:2 q:35.30 aq:31.97 tex:120856 mv:23999 misc:1873 imb:483 pmb:2395 smb:722 d:t ref:0 ;
in:855 out:855 type:B dur:2 cpbdur:2 q:35.29 aq:35.42 tex:14674 mv:9287 misc:2279 imb:50 pmb:838 smb:2712 d:s ref:0 ;
in:854 out:856 type:b dur:2 cpbdur:2 q:35.29 aq:35.63 tex:4975 mv:4224 misc:1713 imb:14 pmb:469 smb:3117 d:s ref:0 ;
in:856 out:857 type:b dur:2 cpbdur:2 q:35.30 aq:36.68 tex:6353 mv:9528 misc:2511 imb:31 pmb:795 smb:2774 d:- ref:0 ;
in:861 out:858 type:P dur:2 cpbdur:2 q:35.32 aq:32.03 tex:128564 mv:24778 misc:1834 imb:567 pmb:2383 smb:650 d:t ref:0 ;
in:859 out:859 type:B dur:2 cpbdur:2 q:35.31 aq:34.81 tex:15266 mv:9775 misc:2335 imb:45 pmb:895 smb:2660 d:s ref:0 ;
in:858 out:860 type:b dur:2 cpbdur:2 q:35.31 aq:38.28 tex:6420 mv:5300 misc:1904 imb:15 pmb:595 smb:2990 d:s ref:0 ;
in:860 out:861 type:b dur:2 cpbdur:2 q:35.31 aq:38.81 tex:6455 mv:9983 misc:2522 imb:12 pmb:831 smb:2757 d:- ref:0 ;
in:865 out:862 type:P dur:2 cpbdur:2 q:35.33 aq:31.91 tex:132560 mv:25054 misc:1826 imb:587 pmb:2392 smb:621 d:t ref:0 ;
in:863 out:863 type:B dur:2 cpbdur:2 q:35.33 aq:34.35 tex:16989 mv:11407 misc:2372 imb:75 pmb:969 smb:2556 d:s ref:0 ;
in:862 out:864 type:b dur:2 cpbdur:2 q:35.32 aq:37.55 tex:6335 mv:5394 misc:1999 imb:28 pmb:612 smb:2960 d:s ref:0 ;
in:864 out:865 type:b dur:2 cpbdur:2 q:35.33 aq:38.05 tex:5319 mv:10100 misc:2637 imb:16 pmb:852 smb:2732 d:- ref:0 ;
in:869 out:866 type:P dur:2 cpbdur:2 q:35.33 aq:31.74 tex:134655 mv:25416 misc:1681 imb:666 pmb:2374 smb:560 d:t ref:0 ;
in:867 out:867 type:B dur:2 cpbdur:2 q:35.33 aq:33.71 tex:15829 mv:11847 misc:2364 imb:73 pmb:1009 smb:2518 d:s ref:0 ;
in:866 out:868 type:b dur:2 cpbdur:2 q:35.33 aq:38.20 tex:5435 mv:5152 misc:1909 imb:14 pmb:601 smb:2985 d:s ref:0 ;
in:868 out:869 type:b dur:2 cpbdur:2 q:35.33 aq:38.24 tex:4619 mv:9523 misc:2538 imb:36 pmb:805 smb:2759 d:- ref:0 ;
in:873 out:870 type:P dur:2 cpbdur:2 q:35.36 aq:31.85 tex:137890 mv:25838 misc:1640 imb:686 pmb:2435 smb:479 d:s ref:0 ;
in:871 out:871 type:B dur:2 cpbdur:2 q:35.35 aq:35.68 tex:13739 mv:19057 misc:3188 imb:76 pmb:1416 smb:2108 d:t ref:0 ;
in:870 out:872 type:b dur:2 cpbdur:2 q:35.34 aq:36.82 tex:4300 mv:10003 misc:2545 imb:26 pmb:832 smb:2742 d:s ref:0 ;
in:872 out:873 type:b dur:2 cpbdur:2 q:35.36 aq:36.80 tex:3865 mv:9507 misc:2628 imb:25 pmb:840 smb:2735 d:- ref:0 ;
in:877 out:874 type:P dur:2 cpbdur:2 q:35.37 aq:32.12 tex:126319 mv:25129 misc:1624 imb:674 pmb:2422 smb:504 d:s ref:0 ;
in:875 out:875 type:B dur:2 cpbdur:2 q:35.37 aq:34.92 tex:12017 mv:19004 misc:3227 imb:71 pmb:1380 smb:2149 d:t ref:0 ;
in:874 out:876 type:b dur:2 cpbdur:2 q:35.37 aq:37.77 tex:3833 mv:9465 misc:2622 imb:20 pmb:806 smb:2774 d:s ref:0 ;
in:876 out:877 type:b dur:2 cpbdur:2 q:35.37 aq:37.35 tex:3686 mv:9386 misc:2656 imb:18 pmb:853 smb:2729 d:- ref:0 ;
in:881 out:878 type:P dur:2 cpbdur:2 q:35.45 aq:32.51 tex:124377 mv:24716 misc:1667 imb:748 pmb:2354 smb:498 d:s ref:0 ;
in:879 out:879 type:B dur:2 cpbdur:2 q:35.41 aq:35.22 tex:13135 mv:19738 misc:3247 imb:74 pmb:1456 smb:2070 d:t ref:0 ;
in:878 out:880 type:b dur:2 cpbdur:2 q:35.39 aq:38.20 tex:4243 mv:9442 misc:2587 imb:20 pmb:831 smb:2749 d:s ref:0 ;
in:880 out:881 type:b dur:2 cpbdur:2 q:35.43 aq:36.98 tex:3491 mv:9715 misc:2642 imb:27 pmb:867 smb:2706 d:- ref:0 ;
in:885 out:882 type:P dur:2 cpbdur:2 q:35.48 aq:33.13 tex:122034 mv:25138 misc:1540 imb:766 pmb:2378 smb:456 d:s ref:0 ;
in:883 out:883 type:B dur:2 cpbdur:2 q:35.47 aq:35.62 tex:14571 mv:19863 misc:3190 imb:61 pmb:1498 smb:2041 d:t ref:0 ;
in:882 out:884 type:b dur:2 cpbdur:2 q:35.46 aq:38.02 tex:4383 mv:10322 misc:2703 imb:24 pmb:923 smb:2653 d:t ref:0 ;
in:884 out:885 type:b dur:2 cpbdur:2 q:35.48 aq:38.37 tex:4368 mv:10303 misc:2681 imb:28 pmb:932 smb:2640 d:- ref:0 ;
in:888 out:886 type:P dur:2 cpbdur:2 q:35.51 aq:33.72 tex:82699 mv:22135 misc:2006 imb:482 pmb:2438 smb:680 d:s ref:0 ;
in:886 out:887 type:B dur:2 cpbdur:2 q:35.49 aq:35.84 tex:7359 mv:13996 misc:3093 imb:39 pmb:1211 smb:2350 d:t ref:0 ;
in:887 out:888 type:b dur:2 cpbdur:2 q:35.50 aq:36.61 tex:4541 mv:10942 misc:2693 imb:40 pmb:936 smb:2624 d:- ref:0 ;
in:892 out:889 type:P dur:2 cpbdur:2 q:35.50 aq:36.08 tex:70658 mv:23001 misc:2189 imb:683 pmb:2111 smb:806 d:s ref:0 ;
in:890 out:890 type:B dur:2 cpbdur:2 q:35.51 aq:35.71 tex:16510 mv:20614 misc:3244 imb:85 pmb:1600 smb:1915 d:t ref:0 ;
in:889 out:891 type:b dur:2 cpbdur:2 q:35.51 aq:38.13 tex:4274 mv:10992 misc:2822 imb:24 pmb:991 smb:2585 d:t ref:0 ;
in:891 out:892 type:b dur:2 cpbdur:2 q:35.50 aq:37.50 tex:4738 mv:11300 misc:2810 imb:42 pmb:985 smb:2573 d:- ref:0 ;
in:893 out:893 type:P dur:2 cpbdur:2 q:35.47 aq:37.29 tex:15052 mv:9540 misc:3208 imb:145 pmb:1228 smb:2227 d:s ref:0 ;
in:894 out:894 type:I dur:2 cpbdur:2 q:32.46 aq:29.43 tex:341775 mv:94224 misc:193 imb:3600 pmb:0 smb:0 d:t ref:;
in:895 out:895 type:P dur:2 cpbdur:2 q:35.69 aq:33.09 tex:8356 mv:8887 misc:2861 imb:48 pmb:1122 smb:2430 d:t ref:0 ;
in:896 out:896 type:P dur:2 cpbdur:2 q:35.71 aq:32.99 tex:25714 mv:12386 misc:2972 imb:201 pmb:1514 smb:1885 d:t ref:0 ;
in:897 out:897 type:P dur:2 cpbdur:2 q:35.71 aq:32.76 tex:32688 mv:13059 misc:2901 imb:305 pmb:1565 smb:1730 d:t ref:0 ;
in:898 out:898 type:P dur:2 cpbdur:2 q:35.77 aq:32.51 tex:36938 mv:14276 misc:2802 imb:421 pmb:1617 smb:1562 d:t ref:0 ;
in:899 out:899 type:P dur:2 cpbdur:2 q:35.80 aq:32.59 tex:35886 mv:13120 misc:2978 imb:326 pmb:1615 smb:1659 d:t ref:0 ;
in:900 out:900 type:P dur:2 cpbdur:2 q:35.81 aq:32.66 tex:39106 mv:13469 misc:3009 imb:374 pmb:1628 smb:1598 d:t ref:0 ;
in:901 out:901 type:P dur:2 cpbdur:2 q:35.82 aq:32.22 tex:35998 mv:13583 misc:2971 imb:394 pmb:1588 smb:1618 d:t ref:0 ;
in:902 out:902 type:P dur:2 cpbdur:2 q:35.86 aq:32.56 tex:39610 mv:13573 misc:3033 imb:377 pmb:1636 smb:1587 d:t ref:0 ;
in:903 out:903 type:P dur:2 cpbdur:2 q:35.87 aq:32.52 tex:34461 mv:13293 misc:3078 imb:351 pmb:1662 smb:1587 d:t ref:0 ;
in:904 out:904 type:P dur:2 cpbdur:2 q:35.88 aq:32.81 tex:40659 mv:13264 misc:2997 imb:357 pmb:1670 smb:1573 d:t ref:0 ;
in:905 out:905 type:P dur:2 cpbdur:2 q:35.90 aq:32.70 tex:34626 mv:12853 misc:3105 imb:361 pmb:1577 smb:1662 d:t ref:0 ;
in:906 out:906 type:P dur:2 cpbdur:2 q:35.93 aq:32.83 tex:40002 mv:13007 misc:3031 imb:336 pmb:1665 smb:1599 d:t ref:0 ;
in:907 out:907 type:P dur:2 cpbdur:2 q:35.93 aq:32.60 tex:36013 mv:12784 misc:3035 imb:368 pmb:1580 smb:1652 d:t ref:0 ;
in:908 out:908 type:P dur:2 cpbdur:2 q:35.94 aq:32.97 tex:41996 mv:13303 misc:2965 imb:385 pmb:1674 smb:1541 d:t ref:0 ;
in:909 out:909 type:P dur:2 cpbdur:2 q:35.94 aq:32.74 tex:39069 mv:13053 misc:3086 imb:371 pmb:1632 smb:1597 d:t ref:0 ;
in:910 out:910 type:P dur:2 cpbdur:2 q:36.04 aq:32.86 tex:39786 mv:13509 misc:3041 imb:409 pmb:1653 smb:1538 d:t ref:0 ;
in:911 out:911 type:P dur:2 cpbdur:2 q:36.00 aq:32.71 tex:40371 mv:13144 misc:2997 imb:394 pmb:1618 smb:1588 d:t ref:0 ;
in:912 out:912 type:P dur:2 cpbdur:2 q:35.98 aq:32.86 tex:40056 mv:12937 misc:3063 imb:328 pmb:1642 smb:1630 d:t ref:0 ;
in:913 out:913 type:P dur:2 cpbdur:2 q:35.96 aq:32.52 tex:39351 mv:13569 misc:3032 imb:376 pmb:1707 smb:1517 d:t ref:0 ;
in:914 out:914 type:P dur:2 cpbdur:2 q:35.94 aq:32.57 tex:42930 mv:13752 misc:3030 imb:381 pmb:1731 smb:1488 d:t ref:0 ;
in:915 out:915 type:P dur:2 cpbdur:2 q:35.92 aq:32.63 tex:40691 mv:14088 misc:2981 imb:394 pmb:1718 smb:1488 d:t ref:0 ;
in:916 out:916 type:P dur:2 cpbdur:2 q:35.91 aq:32.57 tex:42962 mv:13700 misc:3074 imb:356 pmb:1725 smb:1519 d:t ref:0 ;
in:917 out:917 type:P dur:2 cpbdur:2 q:35.89 aq:32.51 tex:40034 mv:13684 misc:3034 imb:383 pmb:1704 smb:1513 d:t ref:0 ;
in:918 out:918 type:P dur:2 cpbdur:2 q:35.88 aq:32.62 tex:42100 mv:14086 misc:2942 imb:377 pmb:1722 smb:1501 d:t ref:0 ;
in:919 out:919 type:P dur:2 cpbdur:2 q:35.87 aq:32.75 tex:40224 mv:13942 misc:3082 imb:370 pmb:1719 smb:1511 d:t ref:0 ;
in:920 out:920 type:P dur:2 cpbdur:2 q:35.86 aq:32.75 tex:44990 mv:13834 misc:3064 imb:397 pmb:1745 smb:1458 d:t ref:0 ;
in:921 out:921 type:P dur:2 cpbdur:2 q:35.85 aq:32.59 tex:40627 mv:14019 misc:2970 imb:420 pmb:1698 smb:1482 d:t ref:0 ;
in:922 out:922 type:P dur:2 cpbdur:2 q:35.85 aq:32.54 tex:42151 mv:13689 misc:3064 imb:333 pmb:1757 smb:1510 d:t ref:0 ;
in:923 out:923 type:P dur:2 cpbdur:2 q:35.84 aq:32.67 tex:42022 mv:14454 misc:3012 imb:396 pmb:1742 smb:1462 d:t ref:0 ;
in:924 out:924 type:P dur:2 cpbdur:2 q:35.83 aq:32.66 tex:46066 mv:14932 misc:3002 imb:405 pmb:1806 smb:1389 d:t ref:0 ;
in:925 out:925 type:P dur:2 cpbdur:2 q:35.84 aq:32.35 tex:40368 mv:14180 misc:3028 imb:399 pmb:1700 smb:1501 d:t ref:0 ;
in:926 out:926 type:P dur:2 cpbdur:2 q:35.84 aq:32.61 tex:43777 mv:14421 misc:2970 imb:349 pmb:1763 smb:1488 d:t ref:0 ;
in:927 out:927 type:P dur:2 cpbdur:2 q:35.85 aq:32.61 tex:41206 mv:14790 misc:2996 imb:427 pmb:1800 smb:1373 d:t ref:0 ;
in:928 out:928 type:P dur:2 cpbdur:2 q:35.86 aq:32.63 tex:44821 mv:13834 misc:3033 imb:355 pmb:1722 smb:1523 d:t ref:0 ;
in:929 out:929 type:P dur:2 cpbdur:2 q:35.88 aq:32.46 tex:42541 mv:14869 misc:3054 imb:404 pmb:1778 smb:1418 d:t ref:0 ;
in:930 out:930 type:P dur:2 cpbdur:2 q:35.89 aq:32.73 tex:41622 mv:13925 misc:2933 imb:345 pmb:1752 smb:1503 d:t ref:0 ;
in:931 out:931 type:P dur:2 cpbdur:2 q:35.91 aq:32.61 tex:41478 mv:14501 misc:3005 imb:400 pmb:1737 smb:1463 d:t ref:0 ;
in:932 out:932 type:P dur:2 cpbdur:2 q:35.92 aq:32.82 tex:43063 mv:14366 misc:2931 imb:360 pmb:1773 smb:1467 d:t ref:0 ;
in:933 out:933 type:P dur:2 cpbdur:2 q:35.93 aq:32.54 tex:42914 mv:14785 misc:3029 imb:379 pmb:1802 smb:1419 d:t ref:0 ;
in:934 out:934 type:P dur:2 cpbdur:2 q:35.95 aq:32.90 tex:43112 mv:14362 misc:2902 imb:350 pmb:1795 smb:1455 d:t ref:0 ;
in:935 out:935 type:P dur:2 cpbdur:2 q:35.96 aq:32.72 tex:42573 mv:14756 misc:2935 imb:362 pmb:1833 smb:1405 d:t ref:0 ;
in:936 out:936 type:P dur:2 cpbdur:2 q:35.97 aq:33.12 tex:45159 mv:14532 misc:3005 imb:340 pmb:1807 smb:1453 d:t ref:0 ;
in:937 out:937 type:P dur:2 cpbdur:2 q:35.99 aq:32.80 tex:37298 mv:14499 misc:3043 imb:369 pmb:1714 smb:1517 d:t ref:0 ;
in:938 out:938 type:P dur:2 cpbdur:2 q:36.00 aq:33.11 tex:39997 mv:14016 misc:2971 imb:330 pmb:1718 smb:1552 d:t ref:0 ;
in:939 out:939 type:P dur:2 cpbdur:2 q:36.01 aq:33.13 tex:38599 mv:14502 misc:3035 imb:367 pmb:1739 smb:1494 d:t ref:0 ;
in:940 out:940 type:P dur:2 cpbdur:2 q:36.02 aq:33.14 tex:39240 mv:14428 misc:2908 imb:356 pmb:1714 smb:1530 d:t ref:0 ;
in:941 out:941 type:P dur:2 cpbdur:2 q:36.03 aq:33.36 tex:33411 mv:13613 misc:2904 imb:339 pmb:1613 smb:1648 d:t ref:0 ;
in:942 out:942 type:P dur:2 cpbdur:2 q:36.04 aq:34.08 tex:28531 mv:12606 misc:3055 imb:313 pmb:1500 smb:1787 d:t ref:0 ;
in:943 out:943 type:P dur:2 cpbdur:2 q:36.05 aq:34.81 tex:16175 mv:10483 misc:3014 imb:272 pmb:1142 smb:2186 d:t ref:0 ;
in:944 out:944 type:I dur:2 cpbdur:2 q:32.98 aq:27.42 tex:221979 mv:59145 misc:228 imb:3600 pmb:0 smb:0 d:t ref:;
in:948 out:945 type:P dur:2 cpbdur:2 q:36.17 aq:29.69 tex:42029 mv:19790 misc:2389 imb:547 pmb:1449 smb:1604 d:t ref:0 ;
in:946 out:946 type:B dur:2 cpbdur:2 q:36.17 aq:32.43 tex:6683 mv:9122 misc:2291 imb:37 pmb:757 smb:2806 d:s ref:0 ;
in:945 out:947 type:b dur:2 cpbdur:2 q:36.17 aq:36.07 tex:2545 mv:3787 misc:1692 imb:5 pmb:390 smb:3205 d:s ref:0 ;
in:947 out:948 type:b dur:2 cpbdur:2 q:36.17 aq:34.57 tex:2123 mv:5679 misc:1966 imb:20 pmb:449 smb:3131 d:- ref:0 ;
in:951 out:949 type:P dur:2 cpbdur:2 q:36.16 aq:30.55 tex:39535 mv:20155 misc:2678 imb:672 pmb:1488 smb:1440 d:t ref:0 ;
in:949 out:950 type:B dur:2 cpbdur:2 q:36.16 aq:34.98 tex:3745 mv:4726 misc:1825 imb:25 pmb:466 smb:3109 d:s ref:0 ;
in:950 out:951 type:b dur:2 cpbdur:2 q:36.16 aq:34.93 tex:2748 mv:6336 misc:2060 imb:26 pmb:492 smb:3082 d:- ref:0 ;
in:955 out:952 type:P dur:2 cpbdur:2 q:36.15 aq:30.23 tex:59374 mv:23896 misc:2274 imb:1212 pmb:1451 smb:937 d:t ref:0 ;
in:953 out:953 type:B dur:2 cpbdur:2 q:36.15 aq:32.77 tex:7876 mv:10971 misc:2705 imb:102 pmb:921 smb:2577 d:s ref:0 ;
in:952 out:954 type:b dur:2 cpbdur:2 q:36.16 aq:34.35 tex:2293 mv:5029 misc:2270 imb:32 pmb:569 smb:2999 d:s ref:0 ;
in:954 out:955 type:b dur:2 cpbdur:2 q:36.15 aq:34.65 tex:2522 mv:6419 misc:2195 imb:33 pmb:517 smb:3050 d:- ref:0 ;
in:959 out:956 type:P dur:2 cpbdur:2 q:36.14 aq:31.06 tex:63321 mv:23151 misc:2256 imb:883 pmb:1469 smb:1248 d:t ref:0 ;
in:957 out:957 type:B dur:2 cpbdur:2 q:36.14 aq:32.34 tex:8704 mv:10259 misc:2685 imb:98 pmb:894 smb:2608 d:s ref:0 ;
in:956 out:958 type:b dur:2 cpbdur:2 q:36.15 aq:32.85 tex:2949 mv:5847 misc:2404 imb:75 pmb:624 smb:2901 d:s ref:0 ;
in:958 out:959 type:b dur:2 cpbdur:2 q:36.14 aq:35.04 tex:2306 mv:6265 misc:2125 imb:19 pmb:508 smb:3073 d:- ref:0 ;
in:961 out:960 type:P dur:2 cpbdur:2 q:36.14 aq:30.34 tex:39263 mv:17532 misc:2837 imb:523 pmb:1464 smb:1613 d:t ref:0 ;
in:960 out:961 type:b dur:2 cpbdur:2 q:36.14 aq:33.03 tex:2824 mv:2999 misc:1753 imb:37 pmb:329 smb:3234 d:s ref:0 ;
in:965 out:962 type:P dur:2 cpbdur:2 q:36.12 aq:31.04 tex:68497 mv:23953 misc:2206 imb:1185 pmb:1469 smb:946 d:t ref:0 ;
in:963 out:963 type:B dur:2 cpbdur:2 q:36.13 aq:32.98 tex:8580 mv:11342 misc:2566 imb:90 pmb:911 smb:2599 d:s ref:0 ;
in:962 out:964 type:b dur:2 cpbdur:2 q:36.14 aq:33.03 tex:2845 mv:5902 misc:2317 imb:46 pmb:631 smb:2923 d:s ref:0 ;
in:964 out:965 type:b dur:2 cpbdur:2 q:36.13 aq:34.18 tex:2776 mv:7252 misc:2292 imb:19 pmb:609 smb:2972 d:- ref:0 ;
in:967 out:966 type:P dur:2 cpbdur:2 q:36.06 aq:31.32 tex:40669 mv:17076 misc:2775 imb:371 pmb:1470 smb:1759 d:t ref:0 ;
in:966 out:967 type:b dur:2 cpbdur:2 q:36.09 aq:34.08 tex:3260 mv:2771 misc:1473 imb:27 pmb:283 smb:3290 d:s ref:0 ;
in:969 out:968 type:P dur:2 cpbdur:2 q:36.05 aq:31.51 tex:40268 mv:16841 misc:2851 imb:400 pmb:1433 smb:1767 d:s ref:0 ;
in:968 out:969 type:b dur:2 cpbdur:2 q:36.06 aq:33.73 tex:3008 mv:2612 misc:1396 imb:25 pmb:272 smb:3303 d:t ref:0 ;
in:970 out:970 type:P dur:2 cpbdur:2 q:36.03 aq:31.17 tex:27541 mv:12141 misc:2982 imb:197 pmb:1281 smb:2122 d:t ref:0 ;
in:973 out:971 type:P dur:2 cpbdur:2 q:36.01 aq:31.52 tex:43284 mv:17977 misc:2763 imb:436 pmb:1461 smb:1703 d:t ref:0 ;
in:971 out:972 type:B dur:2 cpbdur:2 q:36.02 aq:33.29 tex:7134 mv:13847 misc:2507 imb:52 pmb:1252 smb:2296 d:s ref:0 ;
in:972 out:973 type:b dur:2 cpbdur:2 q:36.02 aq:32.78 tex:975 mv:4444 misc:1997 imb:14 pmb:479 smb:3107 d:- ref:0 ;
in:975 out:974 type:P dur:2 cpbdur:2 q:36.00 aq:31.83 tex:45199 mv:17115 misc:3142 imb:537 pmb:1392 smb:1671 d:s ref:0 ;
in:974 out:975 type:b dur:2 cpbdur:2 q:36.01 aq:34.61 tex:3111 mv:7718 misc:2243 imb:26 pmb:608 smb:2966 d:t ref:0 ;
in:976 out:976 type:P dur:2 cpbdur:2 q:36.00 aq:31.75 tex:28316 mv:12544 misc:3004 imb:236 pmb:1277 smb:2087 d:s ref:0 ;
in:977 out:977 type:P dur:2 cpbdur:2 q:35.99 aq:31.79 tex:30257 mv:12525 misc:2890 imb:207 pmb:1287 smb:2106 d:s ref:0 ;
in:978 out:978 type:P dur:2 cpbdur:2 q:36.02 aq:31.28 tex:29869 mv:12387 misc:2936 imb:192 pmb:1272 smb:2136 d:s ref:0 ;
in:980 out:979 type:P dur:2 cpbdur:2 q:36.02 aq:32.40 tex:57044 mv:17147 misc:2753 imb:429 pmb:1411 smb:1760 d:s ref:0 ;
in:979 out:980 type:b dur:2 cpbdur:2 q:36.02 aq:33.12 tex:4384 mv:9498 misc:2454 imb:53 pmb:704 smb:2843 d:t ref:0 ;
in:981 out:981 type:P dur:2 cpbdur:2 q:35.99 aq:31.94 tex:34400 mv:13023 misc:2977 imb:250 pmb:1325 smb:2025 d:s ref:0 ;
in:982 out:982 type:P dur:2 cpbdur:2 q:36.01 aq:32.17 tex:32280 mv:12731 misc:2973 imb:207 pmb:1328 smb:2065 d:s ref:0 ;
in:983 out:983 type:P dur:2 cpbdur:2 q:36.00 aq:31.86 tex:32195 mv:13089 misc:2884 imb:201 pmb:1401 smb:1998 d:s ref:0 ;
in:984 out:984 type:P dur:2 cpbdur:2 q:36.01 aq:32.37 tex:29105 mv:12578 misc:2877 imb:206 pmb:1331 smb:2063 d:s ref:0 ;
in:985 out:985 type:P dur:2 cpbdur:2 q:36.00 aq:32.15 tex:28424 mv:13019 misc:3045 imb:238 pmb:1346 smb:2016 d:s ref:0 ;
in:987 out:986 type:P dur:2 cpbdur:2 q:36.00 aq:32.49 tex:78667 mv:19994 misc:2611 imb:805 pmb:1408 smb:1387 d:s ref:0 ;
in:986 out:987 type:b dur:2 cpbdur:2 q:36.00 aq:33.72 tex:6417 mv:11500 misc:2523 imb:49 pmb:876 smb:2675 d:s ref:0 ;
in:988 out:988 type:P dur:2 cpbdur:2 q:36.01 aq:33.47 tex:24867 mv:11879 misc:2926 imb:184 pmb:1261 smb:2155 d:s ref:0 ;
in:989 out:989 type:P dur:2 cpbdur:2 q:35.99 aq:32.70 tex:47097 mv:16012 misc:2907 imb:425 pmb:1445 smb:1730 d:s ref:0 ;
in:990 out:990 type:P dur:2 cpbdur:2 q:36.01 aq:32.90 tex:43709 mv:15966 misc:2893 imb:426 pmb:1361 smb:1813 d:s ref:0 ;
in:991 out:991 type:P dur:2 cpbdur:2 q:36.01 aq:32.81 tex:38351 mv:15609 misc:3064 imb:495 pmb:1300 smb:1805 d:s ref:0 ;
in:992 out:992 type:P dur:2 cpbdur:2 q:36.01 aq:34.11 tex:30061 mv:13784 misc:2995 imb:410 pmb:1151 smb:2039 d:s ref:0 ;
in:993 out:993 type:I dur:2 cpbdur:2 q:33.11 aq:28.71 tex:391042 mv:83256 misc:190 imb:3600 pmb:0 smb:0 d:s ref:;
in:995 out:994 type:P dur:2 cpbdur:2 q:36.24 aq:32.03 tex:70965 mv:11294 misc:2853 imb:495 pmb:1145 smb:1960 d:s ref:0 ;
in:994 out:995 type:b dur:2 cpbdur:2 q:36.24 aq:33.38 tex:2926 mv:4111 misc:1555 imb:14 pmb:364 smb:3222 d:s ref:0 ;
in:997 out:996 type:P dur:2 cpbdur:2 q:36.24 aq:31.48 tex:95767 mv:16094 misc:2539 imb:748 pmb:1649 smb:1203 d:s ref:0 ;
in:996 out:997 type:b dur:2 cpbdur:2 q:36.24 aq:35.84 tex:4058 mv:4816 misc:1766 imb:27 pmb:433 smb:3140 d:s ref:0 ;
in:999 out:998 type:P dur:2 cpbdur:2 q:36.25 aq:31.40 tex:196177 mv:19835 misc:2284 imb:1307 pmb:1421 smb:872 d:s ref:0 ;
in:998 out:999 type:b dur:2 cpbdur:2 q:36.24 aq:34.99 tex:4496 mv:6118 misc:1890 imb:37 pmb:476 smb:3087 d:s ref:0 ;
in:1002 out:1000 type:P dur:2 cpbdur:2 q:36.26 aq:31.55 tex:144882 mv:17706 misc:2380 imb:708 pmb:2008 smb:884 d:s ref:0 w:0,1,-1 ;
in:1000 out:1001 type:B dur:2 cpbdur:2 q:36.25 aq:34.66 tex:7747 mv:6383 misc:1926 imb:40 pmb:509 smb:3051 d:s ref:0 ;
in:1001 out:1002 type:b dur:2 cpbdur:2 q:36.25 aq:33.26 tex:5103 mv:5139 misc:1686 imb:17 pmb:436 smb:3147 d:- ref:0 ;
in:1006 out:1003 type:P dur:2 cpbdur:2 q:36.29 aq:31.00 tex:188920 mv:21649 misc:1839 imb:976 pmb:2142 smb:482 d:s ref:0 w:0,1,-1,5,32,0,31,3 ;
in:1004 out:1004 type:B dur:2 cpbdur:2 q:36.27 aq:35.01 tex:17123 mv:11376 misc:2541 imb:65 pmb:863 smb:2672 d:s ref:0 ;
in:1003 out:1005 type:b dur:2 cpbdur:2 q:36.27 aq:36.89 tex:4862 mv:5280 misc:2050 imb:16 pmb:562 smb:3022 d:s ref:0 ;
in:1005 out:1006 type:b dur:2 cpbdur:2 q:36.28 aq:35.24 tex:4852 mv:5229 misc:1623 imb:11 pmb:451 smb:3138 d:- ref:0 ;
in:1010 out:1007 type:P dur:2 cpbdur:2 q:36.31 aq:30.86 tex:98645 mv:17477 misc:2758 imb:495 pmb:2108 smb:997 d:s ref:0 ;
in:1008 out:1008 type:B dur:2 cpbdur:2 q:36.30 aq:33.26 tex:8468 mv:7442 misc:2114 imb:24 pmb:655 smb:2921 d:s ref:0 ;
in:1007 out:1009 type:b dur:2 cpbdur:2 q:36.30 aq:33.26 tex:3293 mv:4144 misc:1483 imb:5 pmb:382 smb:3213 d:s ref:0 ;
in:1009 out:1010 type:b dur:2 cpbdur:2 q:36.31 aq:33.22 tex:1875 mv:2564 misc:1169 imb:2 pmb:252 smb:3346 d:- ref:0 ;
in:1014 out:1011 type:P dur:2 cpbdur:2 q:36.36 aq:31.49 tex:81619 mv:15466 misc:3027 imb:339 pmb:2007 smb:1254 d:s ref:0 ;
in:1012 out:1012 type:B dur:2 cpbdur:2 q:36.34 aq:36.21 tex:7866 mv:6896 misc:1886 imb:12 pmb:587 smb:3001 d:t ref:0 ;
in:1011 out:1013 type:b dur:2 cpbdur:2 q:36.32 aq:36.81 tex:1927 mv:2956 misc:1357 imb:0 pmb:293 smb:3307 d:s ref:0 ;
in:1013 out:1014 type:b dur:2 cpbdur:2 q:36.35 aq:37.97 tex:1859 mv:3003 misc:1258 imb:2 pmb:295 smb:3303 d:- ref:0 ;
in:1018 out:1015 type:P dur:2 cpbdur:2 q:36.45 aq:31.87 tex:74180 mv:15712 misc:3020 imb:415 pmb:1858 smb:1327 d:s ref:0 ;
in:1016 out:1016 type:B dur:2 cpbdur:2 q:36.40 aq:35.10 tex:9058 mv:7510 misc:1984 imb:8 pmb:650 smb:2942 d:t ref:0 ;
in:1015 out:1017 type:b dur:2 cpbdur:2 q:36.38 aq:33.33 tex:2760 mv:3344 misc:1320 imb:2 pmb:317 smb:3281 d:s ref:0 ;
in:1017 out:1018 type:b dur:2 cpbdur:2 q:36.42 aq:38.60 tex:2294 mv:3216 misc:1418 imb:1 pmb:328 smb:3271 d:- ref:0 ;
in:1022 out:1019 type:P dur:2 cpbdur:2 q:36.56 aq:32.44 tex:61855 mv:14726 misc:3115 imb:389 pmb:1658 smb:1553 d:s ref:0 ;
in:1020 out:1020 type:B dur:2 cpbdur:2 q:36.51 aq:37.28 tex:9555 mv:7568 misc:1941 imb:14 pmb:637 smb:2949 d:t ref:0 ;
in:1019 out:1021 type:b dur:2 cpbdur:2 q:36.48 aq:39.56 tex:2696 mv:3333 misc:1371 imb:2 pmb:310 smb:3288 d:s ref:0 ;
in:1021 out:1022 type:b dur:2 cpbdur:2 q:36.53 aq:36.53 tex:2602 mv:2925 misc:1209 imb:1 pmb:262 smb:3337 d:- ref:0 ;
in:1026 out:1023 type:P dur:2 cpbdur:2 q:36.57 aq:33.30 tex:47739 mv:13728 misc:2997 imb:383 pmb:1441 smb:1776 d:s ref:0 ;
in:1024 out:1024 type:B dur:2 cpbdur:2 q:36.57 aq:36.92 tex:10154 mv:8075 misc:2139 imb:14 pmb:719 smb:2867 d:t ref:0 ;
in:1023 out:1025 type:b dur:2 cpbdur:2 q:36.57 aq:39.63 tex:2819 mv:2834 misc:1147 imb:4 pmb:261 smb:3335 d:s ref:0 ;
in:1025 out:1026 type:b dur:2 cpbdur:2 q:36.57 aq:40.31 tex:2397 mv:2202 misc:945 imb:0 pmb:208 smb:3392 d:- ref:0 ;
in:1030 out:1027 type:P dur:2 cpbdur:2 q:36.54 aq:36.24 tex:20438 mv:8567 misc:2451 imb:208 pmb:814 smb:2578 d:s ref:0 ;
in:1028 out:1028 type:B dur:2 cpbdur:2 q:36.55 aq:35.68 tex:14171 mv:8965 misc:2584 imb:27 pmb:881 smb:2692 d:t ref:0 ;
in:1027 out:1029 type:b dur:2 cpbdur:2 q:36.56 aq:39.91 tex:2553 mv:2569 misc:1078 imb:8 pmb:224 smb:3368 d:s ref:0 ;
in:1029 out:1030 type:b dur:2 cpbdur:2 q:36.55 aq:37.74 tex:3209 mv:2408 misc:1079 imb:0 pmb:253 smb:3347 d:- ref:0 ;
in:1031 out:1031 type:I dur:2 cpbdur:2 q:33.47 aq:26.89 tex:100945 mv:46553 misc:238 imb:3600 pmb:0 smb:0 d:s ref:;
in:1034 out:1032 type:P dur:2 cpbdur:2 q:36.49 aq:31.68 tex:19755 mv:14486 misc:2583 imb:562 pmb:912 smb:2126 d:s ref:0 ;
in:1032 out:1033 type:B dur:2 cpbdur:2 q:36.49 aq:34.51 tex:2809 mv:8039 misc:2328 imb:76 pmb:775 smb:2749 d:t ref:0 ;
in:1033 out:1034 type:b dur:2 cpbdur:2 q:36.49 aq:35.04 tex:1813 mv:7143 misc:2068 imb:42 pmb:607 smb:2951 d:- ref:0 ;
in:1038 out:1035 type:P dur:2 cpbdur:2 q:36.41 aq:31.91 tex:32960 mv:18866 misc:2390 imb:975 pmb:974 smb:1651 d:s ref:0 ;
in:1036 out:1036 type:B dur:2 cpbdur:2 q:36.45 aq:33.78 tex:7297 mv:13006 misc:2577 imb:139 pmb:978 smb:2483 d:s ref:0 ;
in:1035 out:1037 type:b dur:2 cpbdur:2 q:36.47 aq:35.52 tex:2453 mv:7651 misc:2200 imb:54 pmb:639 smb:2907 d:s ref:0 ;
in:1037 out:1038 type:b dur:2 cpbdur:2 q:36.43 aq:34.56 tex:2950 mv:7379 misc:2111 imb:50 pmb:635 smb:2915 d:- ref:0 ;
in:1042 out:1039 type:P dur:2 cpbdur:2 q:36.32 aq:33.47 tex:25756 mv:17257 misc:2531 imb:900 pmb:868 smb:1832 d:s ref:0 ;
in:1040 out:1040 type:B dur:2 cpbdur:2 q:36.37 aq:32.56 tex:8576 mv:13593 misc:2655 imb:120 pmb:1080 smb:2400 d:s ref:0 ;
in:1039 out:1041 type:b dur:2 cpbdur:2 q:36.39 aq:35.04 tex:2551 mv:7300 misc:2125 imb:34 pmb:642 smb:2924 d:s ref:0 ;
in:1041 out:1042 type:b dur:2 cpbdur:2 q:36.35 aq:34.61 tex:3498 mv:7866 misc:2316 imb:54 pmb:679 smb:2867 d:- ref:0 ;
in:1043 out:1043 type:i dur:2 cpbdur:2 q:33.48 aq:27.74 tex:191022 mv:75655 misc:195 imb:3600 pmb:0 smb:0 d:s ref:;
in:1047 out:1044 type:P dur:2 cpbdur:2 q:36.35 aq:31.15 tex:21285 mv:14375 misc:3036 imb:231 pmb:1306 smb:2063 d:s ref:0 ;
in:1045 out:1045 type:B dur:2 cpbdur:2 q:36.35 aq:34.32 tex:1448 mv:7317 misc:2299 imb:23 pmb:676 smb:2901 d:t ref:0 ;
in:1044 out:1046 type:b dur:2 cpbdur:2 q:36.35 aq:36.51 tex:318 mv:2252 misc:1238 imb:4 pmb:242 smb:3354 d:s ref:0 ;
in:1046 out:1047 type:b dur:2 cpbdur:2 q:36.35 aq:34.32 tex:368 mv:2399 misc:1417 imb:4 pmb:299 smb:3297 d:- ref:0 ;
in:1051 out:1048 type:P dur:2 cpbdur:2 q:36.28 aq:31.17 tex:29728 mv:17221 misc:2971 imb:357 pmb:1504 smb:1739 d:s ref:0 ;
in:1049 out:1049 type:B dur:2 cpbdur:2 q:36.31 aq:34.86 tex:1968 mv:7690 misc:2326 imb:29 pmb:677 smb:2894 d:t ref:0 ;
in:1048 out:1050 type:b dur:2 cpbdur:2 q:36.33 aq:35.12 tex:686 mv:3062 misc:1564 imb:8 pmb:354 smb:3238 d:s ref:0 ;
in:1050 out:1051 type:b dur:2 cpbdur:2 q:36.30 aq:35.25 tex:652 mv:3520 misc:1644 imb:11 pmb:374 smb:3215 d:- ref:0 ;
in:1055 out:1052 type:P dur:2 cpbdur:2 q:36.23 aq:31.71 tex:33930 mv:18010 misc:2916 imb:365 pmb:1543 smb:1692 d:s ref:0 ;
in:1053 out:1053 type:B dur:2 cpbdur:2 q:36.25 aq:33.29 tex:2678 mv:8949 misc:2637 imb:42 pmb:822 smb:2736 d:t ref:0 ;
in:1052 out:1054 type:b dur:2 cpbdur:2 q:36.27 aq:34.96 tex:965 mv:3377 misc:1642 imb:12 pmb:376 smb:3212 d:s ref:0 ;
in:1054 out:1055 type:b dur:2 cpbdur:2 q:36.24 aq:35.03 tex:776 mv:2683 misc:1469 imb:5 pmb:294 smb:3301 d:- ref:0 ;
in:1059 out:1056 type:P dur:2 cpbdur:2 q:36.17 aq:31.75 tex:31846 mv:18252 misc:3038 imb:442 pmb:1542 smb:1616 d:s ref:0 ;
in:1057 out:1057 type:B dur:2 cpbdur:2 q:36.20 aq:34.40 tex:1884 mv:8397 misc:2615 imb:24 pmb:782 smb:2794 d:t ref:0 ;
in:1056 out:1058 type:b dur:2 cpbdur:2 q:36.21 aq:34.84 tex:536 mv:3179 misc:1557 imb:3 pmb:347 smb:3250 d:s ref:0 ;
in:1058 out:1059 type:b dur:2 cpbdur:2 q:36.19 aq:35.67 tex:534 mv:2611 misc:1383 imb:5 pmb:280 smb:3315 d:- ref:0 ;
in:1063 out:1060 type:P dur:2 cpbdur:2 q:36.14 aq:32.67 tex:27344 mv:17304 misc:3128 imb:461 pmb:1427 smb:1712 d:s ref:0 ;
in:1061 out:1061 type:B dur:2 cpbdur:2 q:36.16 aq:33.61 tex:2375 mv:8758 misc:2683 imb:31 pmb:825 smb:2744 d:t ref:0 ;
in:1060 out:1062 type:b dur:2 cpbdur:2 q:36.16 aq:37.53 tex:835 mv:3323 misc:1514 imb:9 pmb:327 smb:3264 d:s ref:0 ;
in:1062 out:1063 type:b dur:2 cpbdur:2 q:36.15 aq:35.59 tex:897 mv:3248 misc:1639 imb:12 pmb:354 smb:3234 d:- ref:0 ;
in:1067 out:1064 type:P dur:2 cpbdur:2 q:36.06 aq:34.51 tex:12057 mv:12059 misc:3052 imb:312 pmb:963 smb:2325 d:s ref:0 ;
in:1065 out:1065 type:B dur:2 cpbdur:2 q:36.10 aq:34.02 tex:4702 mv:9329 misc:2849 imb:56 pmb:912 smb:2632 d:t ref:0 ;
in:1064 out:1066 type:b dur:2 cpbdur:2 q:36.12 aq:36.08 tex:810 mv:3782 misc:1816 imb:9 pmb:422 smb:3169 d:s ref:0 ;
in:1066 out:1067 type:b dur:2 cpbdur:2 q:36.08 aq:34.59 tex:1224 mv:3705 misc:1855 imb:25 pmb:401 smb:3174 d:- ref:0 ;
in:1068 out:1068 type:I dur:2 cpbdur:2 q:33.34 aq:28.52 tex:160587 mv:69506 misc:187 imb:3600 pmb:0 smb:0 d:s ref:;
in:1072 out:1069 type:P dur:2 cpbdur:2 q:36.05 aq:32.53 tex:53365 mv:17857 misc:2482 imb:579 pmb:1144 smb:1877 d:s ref:0 ;
in:1070 out:1070 type:B dur:2 cpbdur:2 q:36.05 aq:34.80 tex:12751 mv:12885 misc:2708 imb:71 pmb:1073 smb:2456 d:s ref:0 ;
in:1069 out:1071 type:b dur:2 cpbdur:2 q:36.05 aq:35.93 tex:4387 mv:7336 misc:2213 imb:25 pmb:618 smb:2957 d:s ref:0 ;
in:1071 out:1072 type:b dur:2 cpbdur:2 q:36.05 aq:35.42 tex:6286 mv:7525 misc:2381 imb:30 pmb:704 smb:2866 d:- ref:0 ;
in:1076 out:1073 type:P dur:2 cpbdur:2 q:35.99 aq:31.65 tex:62677 mv:19632 misc:2315 imb:815 pmb:1156 smb:1629 d:s ref:0 ;
in:1074 out:1074 type:B dur:2 cpbdur:2 q:36.02 aq:33.61 tex:15934 mv:13187 misc:2727 imb:99 pmb:1088 smb:2413 d:s ref:0 ;
in:1073 out:1075 type:b dur:2 cpbdur:2 q:36.03 aq:37.73 tex:5717 mv:7269 misc:2294 imb:20 pmb:689 smb:2891 d:s ref:0 ;
in:1075 out:1076 type:b dur:2 cpbdur:2 q:36.00 aq:34.28 tex:4841 mv:7663 misc:2352 imb:37 pmb:669 smb:2894 d:- ref:0 ;
in:1079 out:1077 type:P dur:2 cpbdur:2 q:35.93 aq:31.77 tex:53541 mv:21922 misc:2489 imb:738 pmb:1427 smb:1435 d:s ref:0 ;
in:1077 out:1078 type:B dur:2 cpbdur:2 q:35.97 aq:34.75 tex:7509 mv:10812 misc:2655 imb:50 pmb:935 smb:2615 d:t ref:0 ;
in:1078 out:1079 type:b dur:2 cpbdur:2 q:35.95 aq:35.45 tex:4575 mv:8301 misc:2444 imb:25 pmb:787 smb:2788 d:- ref:0 ;
in:1083 out:1080 type:P dur:2 cpbdur:2 q:35.88 aq:31.86 tex:61152 mv:22029 misc:2539 imb:883 pmb:1282 smb:1435 d:s ref:0 ;
in:1081 out:1081 type:B dur:2 cpbdur:2 q:35.90 aq:34.02 tex:15655 mv:17963 misc:2470 imb:108 pmb:1485 smb:2007 d:s ref:0 ;
in:1080 out:1082 type:b dur:2 cpbdur:2 q:35.92 aq:36.53 tex:4999 mv:9225 misc:2496 imb:28 pmb:804 smb:2768 d:s ref:0 ;
in:1082 out:1083 type:b dur:2 cpbdur:2 q:35.89 aq:37.03 tex:7013 mv:8579 misc:2472 imb:30 pmb:835 smb:2735 d:- ref:0 ;
in:1087 out:1084 type:P dur:2 cpbdur:2 q:35.86 aq:31.66 tex:59414 mv:22412 misc:2422 imb:922 pmb:1236 smb:1442 d:s ref:0 ;
in:1085 out:1085 type:B dur:2 cpbdur:2 q:35.87 aq:33.90 tex:19217 mv:16661 misc:2890 imb:133 pmb:1266 smb:2201 d:s ref:0 ;
in:1084 out:1086 type:b dur:2 cpbdur:2 q:35.87 aq:34.82 tex:7694 mv:9607 misc:2347 imb:39 pmb:806 smb:2755 d:s ref:0 ;
in:1086 out:1087 type:b dur:2 cpbdur:2 q:35.86 aq:35.59 tex:8749 mv:10351 misc:2452 imb:64 pmb:864 smb:2672 d:- ref:0 ;
in:1090 out:1088 type:P dur:2 cpbdur:2 q:35.81 aq:33.87 tex:31566 mv:17291 misc:2663 imb:645 pmb:1060 smb:1895 d:s ref:0 ;
in:1088 out:1089 type:B dur:2 cpbdur:2 q:35.84 aq:35.91 tex:11513 mv:12308 misc:2547 imb:107 pmb:1022 smb:2471 d:t ref:0 ;
in:1089 out:1090 type:b dur:2 cpbdur:2 q:35.83 aq:35.91 tex:8796 mv:10565 misc:2599 imb:56 pmb:972 smb:2572 d:- ref:0 ;
in:1091 out:1091 type:i dur:2 cpbdur:2 q:33.11 aq:28.51 tex:230600 mv:86840 misc:208 imb:3600 pmb:0 smb:0 d:s ref:;
in:1093 out:1092 type:P dur:2 cpbdur:2 q:35.92 aq:31.18 tex:23868 mv:12612 misc:2832 imb:285 pmb:1100 smb:2215 d:s ref:0 ;
in:1092 out:1093 type:b dur:2 cpbdur:2 q:35.92 aq:36.26 tex:2772 mv:5845 misc:2031 imb:21 pmb:568 smb:3011 d:t ref:0 ;
in:1094 out:1094 type:P dur:2 cpbdur:2 q:35.92 aq:31.15 tex:21892 mv:10915 misc:2977 imb:187 pmb:1165 smb:2248 d:s ref:0 ;
in:1096 out:1095 type:P dur:2 cpbdur:2 q:35.92 aq:31.33 tex:36977 mv:15915 misc:2916 imb:359 pmb:1400 smb:1841 d:s ref:0 ;
in:1095 out:1096 type:b dur:2 cpbdur:2 q:35.92 aq:36.44 tex:2386 mv:7292 misc:2234 imb:21 pmb:692 smb:2887 d:t ref:0 ;
in:1099 out:1097 type:P dur:2 cpbdur:2 q:35.94 aq:31.20 tex:56934 mv:19718 misc:2692 imb:575 pmb:1556 smb:1469 d:s ref:0 ;
in:1097 out:1098 type:B dur:2 cpbdur:2 q:35.93 aq:35.81 tex:5673 mv:10014 misc:2561 imb:41 pmb:880 smb:2679 d:t ref:0 ;
in:1098 out:1099 type:b dur:2 cpbdur:2 q:35.93 aq:36.52 tex:4075 mv:7524 misc:2345 imb:30 pmb:694 smb:2876 d:- ref:0 ;
in:1103 out:1100 type:P dur:2 cpbdur:2 q:35.95 aq:31.77 tex:67917 mv:22540 misc:2495 imb:628 pmb:1681 smb:1291 d:s ref:0 ;
in:1101 out:1101 type:B dur:2 cpbdur:2 q:35.94 aq:35.16 tex:9944 mv:14001 misc:2951 imb:77 pmb:1119 smb:2404 d:t ref:0 ;
in:1100 out:1102 type:b dur:2 cpbdur:2 q:35.94 aq:36.59 tex:3624 mv:8015 misc:2433 imb:37 pmb:719 smb:2844 d:s ref:0 ;
in:1102 out:1103 type:b dur:2 cpbdur:2 q:35.95 aq:36.36 tex:3289 mv:7362 misc:2317 imb:25 pmb:679 smb:2896 d:- ref:0 ;
in:1106 out:1104 type:P dur:2 cpbdur:2 q:35.94 aq:31.65 tex:56408 mv:20175 misc:2833 imb:499 pmb:1668 smb:1433 d:s ref:0 ;
in:1104 out:1105 type:B dur:2 cpbdur:2 q:35.95 aq:35.73 tex:5385 mv:9958 misc:2681 imb:31 pmb:903 smb:2666 d:t ref:0 ;
in:1105 out:1106 type:b dur:2 cpbdur:2 q:35.94 aq:36.29 tex:2752 mv:7734 misc:2402 imb:18 pmb:727 smb:2855 d:- ref:0 ;
in:1110 out:1107 type:P dur:2 cpbdur:2 q:35.97 aq:31.77 tex:57537 mv:21216 misc:2623 imb:672 pmb:1574 smb:1354 d:s ref:0 ;
in:1108 out:1108 type:B dur:2 cpbdur:2 q:35.96 aq:34.53 tex:11717 mv:14373 misc:3086 imb:79 pmb:1217 smb:2304 d:t ref:0 ;
in:1107 out:1109 type:b dur:2 cpbdur:2 q:35.95 aq:36.15 tex:3753 mv:8171 misc:2412 imb:26 pmb:705 smb:2869 d:s ref:0 ;
in:1109 out:1110 type:b dur:2 cpbdur:2 q:35.97 aq:35.54 tex:3956 mv:7953 misc:2331 imb:31 pmb:702 smb:2867 d:- ref:0 ;
in:1113 out:1111 type:P dur:2 cpbdur:2 q:35.93 aq:32.40 tex:40830 mv:17849 misc:3001 imb:519 pmb:1395 smb:1686 d:t ref:0 ;
in:1111 out:1112 type:B dur:2 cpbdur:2 q:35.96 aq:35.10 tex:5915 mv:5888 misc:2109 imb:41 pmb:593 smb:2966 d:s ref:0 ;
in:1112 out:1113 type:b dur:2 cpbdur:2 q:35.95 aq:35.36 tex:4208 mv:8066 misc:2398 imb:35 pmb:690 smb:2875 d:- ref:0 ;
in:1117 out:1114 type:P dur:2 cpbdur:2 q:35.90 aq:35.04 tex:32596 mv:17050 misc:2906 imb:728 pmb:1038 smb:1834 d:t ref:0 ;
in:1115 out:1115 type:B dur:2 cpbdur:2 q:35.91 aq:34.08 tex:15041 mv:14447 misc:3024 imb:108 pmb:1274 smb:2218 d:s ref:0 ;
in:1114 out:1116 type:b dur:2 cpbdur:2 q:35.92 aq:36.07 tex:4495 mv:6256 misc:2353 imb:20 pmb:689 smb:2891 d:s ref:0 ;
in:1116 out:1117 type:b dur:2 cpbdur:2 q:35.91 aq:36.19 tex:7006 mv:9908 misc:2686 imb:60 pmb:881 smb:2659 d:- ref:0 ;
in:1118 out:1118 type:I dur:2 cpbdur:2 q:33.05 aq:27.97 tex:156336 mv:60932 misc:188 imb:3600 pmb:0 smb:0 d:t ref:;
in:1121 out:1119 type:P dur:2 cpbdur:2 q:35.92 aq:32.73 tex:58988 mv:20236 misc:1480 imb:1309 pmb:1007 smb:1284 d:t ref:0 ;
in:1119 out:1120 type:B dur:2 cpbdur:2 q:35.92 aq:34.53 tex:9121 mv:14641 misc:1998 imb:230 pmb:1233 smb:2137 d:s ref:0 ;
in:1120 out:1121 type:b dur:2 cpbdur:2 q:35.92 aq:36.51 tex:6008 mv:11288 misc:2376 imb:76 pmb:838 smb:2686 d:- ref:0 ;
in:1124 out:1122 type:P dur:2 cpbdur:2 q:35.89 aq:32.51 tex:74015 mv:21800 misc:1297 imb:1421 pmb:1055 smb:1124 d:t ref:0 ;
in:1122 out:1123 type:B dur:2 cpbdur:2 q:35.91 aq:35.96 tex:11100 mv:17314 misc:2082 imb:217 pmb:1382 smb:2001 d:s ref:0 ;
in:1123 out:1124 type:b dur:2 cpbdur:2 q:35.90 aq:36.06 tex:5777 mv:11930 misc:2493 imb:54 pmb:940 smb:2606 d:- ref:0 ;
in:1128 out:1125 type:P dur:2 cpbdur:2 q:35.87 aq:31.77 tex:96755 mv:22660 misc:1025 imb:1593 pmb:1020 smb:987 d:t ref:0 ;
in:1126 out:1126 type:B dur:2 cpbdur:2 q:35.88 aq:34.30 tex:16234 mv:22645 misc:1849 imb:356 pmb:1660 smb:1584 d:s ref:0 ;
in:1125 out:1127 type:b dur:2 cpbdur:2 q:35.88 aq:34.62 tex:6417 mv:15171 misc:2220 imb:154 pmb:1327 smb:2119 d:s ref:0 ;
in:1127 out:1128 type:b dur:2 cpbdur:2 q:35.88 aq:36.21 tex:5152 mv:9862 misc:2346 imb:42 pmb:827 smb:2731 d:- ref:0 ;
in:1131 out:1129 type:P dur:2 cpbdur:2 q:35.84 aq:31.67 tex:70028 mv:21046 misc:1654 imb:1105 pmb:1269 smb:1226 d:t ref:0 ;
in:1129 out:1130 type:B dur:2 cpbdur:2 q:35.86 aq:35.60 tex:7617 mv:13225 misc:2110 imb:139 pmb:1146 smb:2315 d:s ref:0 ;
in:1130 out:1131 type:b dur:2 cpbdur:2 q:35.85 aq:36.94 tex:4123 mv:9201 misc:2252 imb:36 pmb:755 smb:2809 d:- ref:0 ;
in:1135 out:1132 type:P dur:2 cpbdur:2 q:35.82 aq:31.90 tex:74182 mv:22174 misc:1572 imb:1120 pmb:1274 smb:1206 d:t ref:0 ;
in:1133 out:1133 type:B dur:2 cpbdur:2 q:35.83 aq:34.32 tex:10446 mv:18026 misc:2272 imb:192 pmb:1446 smb:1962 d:s ref:0 ;
in:1132 out:1134 type:b dur:2 cpbdur:2 q:35.83 aq:36.36 tex:3161 mv:9986 misc:2453 imb:77 pmb:963 smb:2560 d:s ref:0 ;
in:1134 out:1135 type:b dur:2 cpbdur:2 q:35.82 aq:35.77 tex:2881 mv:7986 misc:2157 imb:24 pmb:695 smb:2881 d:- ref:0 ;
in:1138 out:1136 type:P dur:2 cpbdur:2 q:35.83 aq:32.58 tex:47809 mv:19329 misc:2062 imb:623 pmb:1441 smb:1536 d:s ref:0 ;
in:1136 out:1137 type:B dur:2 cpbdur:2 q:35.82 aq:34.88 tex:5033 mv:10692 misc:2395 imb:49 pmb:879 smb:2672 d:t ref:0 ;
in:1137 out:1138 type:b dur:2 cpbdur:2 q:35.82 aq:37.42 tex:2558 mv:8085 misc:2149 imb:26 pmb:680 smb:2894 d:- ref:0 ;
in:1141 out:1139 type:P dur:2 cpbdur:2 q:35.83 aq:33.93 tex:36346 mv:17287 misc:2327 imb:687 pmb:1227 smb:1686 d:s ref:0 ;
in:1139 out:1140 type:B dur:2 cpbdur:2 q:35.83 aq:35.22 tex:5132 mv:10560 misc:2476 imb:55 pmb:902 smb:2643 d:t ref:0 ;
in:1140 out:1141 type:b dur:2 cpbdur:2 q:35.83 aq:36.41 tex:2612 mv:7380 misc:2128 imb:28 pmb:658 smb:2914 d:- ref:0 ;
in:1142 out:1142 type:P dur:2 cpbdur:2 q:35.84 aq:36.34 tex:7881 mv:7705 misc:2598 imb:112 pmb:789 smb:2699 d:s ref:0 ;
in:1143 out:1143 type:I dur:2 cpbdur:2 q:32.97 aq:27.70 tex:321533 mv:113373 misc:190 imb:3600 pmb:0 smb:0 d:s ref:;
in:1147 out:1144 type:P dur:2 cpbdur:2 q:36.02 aq:31.61 tex:44203 mv:17733 misc:3008 imb:258 pmb:1744 smb:1598 d:s ref:0 ;
in:1145 out:1145 type:B dur:2 cpbdur:2 q:36.02 aq:35.25 tex:5182 mv:9327 misc:2507 imb:18 pmb:772 smb:2810 d:t ref:0 ;
in:1144 out:1146 type:b dur:2 cpbdur:2 q:36.02 aq:37.86 tex:1541 mv:4870 misc:1797 imb:2 pmb:452 smb:3146 d:s ref:0 ;
in:1146 out:1147 type:b dur:2 cpbdur:2 q:36.02 aq:38.06 tex:2092 mv:4848 misc:1652 imb:6 pmb:413 smb:3181 d:- ref:0 ;
in:1151 out:1148 type:P dur:2 cpbdur:2 q:36.05 aq:32.10 tex:54084 mv:19779 misc:2937 imb:290 pmb:1861 smb:1449 d:s ref:0 ;
in:1149 out:1149 type:B dur:2 cpbdur:2 q:36.04 aq:36.34 tex:5957 mv:10796 misc:2663 imb:26 pmb:855 smb:2719 d:t ref:0 ;
in:1148 out:1150 type:b dur:2 cpbdur:2 q:36.03 aq:36.67 tex:1937 mv:4854 misc:1681 imb:10 pmb:431 smb:3159 d:s ref:0 ;
in:1150 out:1151 type:b dur:2 cpbdur:2 q:36.05 aq:38.90 tex:1870 mv:5055 misc:1971 imb:2 pmb:486 smb:3112 d:- ref:0 ;
in:1155 out:1152 type:P dur:2 cpbdur:2 q:36.04 aq:31.52 tex:51627 mv:21417 misc:2780 imb:305 pmb:2017 smb:1278 d:s ref:0 ;
in:1153 out:1153 type:B dur:2 cpbdur:2 q:36.05 aq:35.68 tex:5956 mv:10978 misc:2866 imb:15 pmb:967 smb:2618 d:t ref:0 ;
in:1152 out:1154 type:b dur:2 cpbdur:2 q:36.05 aq:36.72 tex:1794 mv:4564 misc:1714 imb:4 pmb:402 smb:3194 d:s ref:0 ;
in:1154 out:1155 type:b dur:2 cpbdur:2 q:36.04 aq:37.50 tex:1626 mv:4440 misc:1814 imb:6 pmb:413 smb:3181 d:- ref:0 ;
in:1159 out:1156 type:P dur:2 cpbdur:2 q:36.00 aq:32.19 tex:46566 mv:20419 misc:2919 imb:312 pmb:1895 smb:1393 d:s ref:0 ;
in:1157 out:1157 type:B dur:2 cpbdur:2 q:36.02 aq:35.51 tex:4516 mv:10539 misc:2865 imb:13 pmb:947 smb:2640 d:t ref:0 ;
in:1156 out:1158 type:b dur:2 cpbdur:2 q:36.03 aq:38.10 tex:1495 mv:4389 misc:1804 imb:3 pmb:421 smb:3176 d:s ref:0 ;
in:1158 out:1159 type:b dur:2 cpbdur:2 q:36.01 aq:37.26 tex:1164 mv:4178 misc:1850 imb:4 pmb:418 smb:3178 d:- ref:0 ;
in:1163 out:1160 type:P dur:2 cpbdur:2 q:36.00 aq:33.94 tex:34330 mv:18688 misc:3030 imb:220 pmb:1747 smb:1633 d:s ref:0 ;
in:1161 out:1161 type:B dur:2 cpbdur:2 q:36.00 aq:34.82 tex:5269 mv:10788 misc:2999 imb:15 pmb:999 smb:2586 d:t ref:0 ;
in:1160 out:1162 type:b dur:2 cpbdur:2 q:36.00 aq:37.20 tex:1073 mv:3796 misc:1739 imb:0 pmb:398 smb:3202 d:s ref:0 ;
in:1162 out:1163 type:b dur:2 cpbdur:2 q:36.00 aq:37.30 tex:1424 mv:4337 misc:1863 imb:6 pmb:414 smb:3180 d:- ref:0 ;
in:1166 out:1164 type:P dur:2 cpbdur:2 q:35.92 aq:36.76 tex:15906 mv:13052 misc:3114 imb:235 pmb:1153 smb:2212 d:s ref:0 ;
in:1164 out:1165 type:B dur:2 cpbdur:2 q:35.97 aq:35.86 tex:2967 mv:6630 misc:2435 imb:20 pmb:660 smb:2920 d:t ref:0 ;
in:1165 out:1166 type:b dur:2 cpbdur:2 q:35.94 aq:37.58 tex:2788 mv:5993 misc:2379 imb:6 pmb:628 smb:2966 d:- ref:0 ;
in:1167 out:1167 type:i dur:2 cpbdur:2 q:33.05 aq:26.55 tex:213121 mv:85615 misc:176 imb:3600 pmb:0 smb:0 d:s ref:;
in:1171 out:1168 type:P dur:2 cpbdur:2 q:35.97 aq:30.51 tex:28709 mv:17706 misc:3073 imb:218 pmb:1613 smb:1769 d:s ref:0 ;
in:1169 out:1169 type:B dur:2 cpbdur:2 q:35.97 aq:35.18 tex:3568 mv:8358 misc:2322 imb:11 pmb:726 smb:2863 d:t ref:0 ;
in:1168 out:1170 type:b dur:2 cpbdur:2 q:35.97 aq:38.39 tex:1775 mv:3792 misc:1433 imb:4 pmb:342 smb:3254 d:s ref:0 ;
in:1170 out:1171 type:b dur:2 cpbdur:2 q:35.97 aq:36.79 tex:1477 mv:4437 misc:1830 imb:4 pmb:439 smb:3157 d:- ref:0 ;
in:1175 out:1172 type:P dur:2 cpbdur:2 q:35.91 aq:30.50 tex:39580 mv:19759 misc:2909 imb:330 pmb:1716 smb:1554 d:s ref:0 ;
in:1173 out:1173 type:B dur:2 cpbdur:2 q:35.94 aq:35.65 tex:5385 mv:10141 misc:2562 imb:21 pmb:860 smb:2719 d:t ref:0 ;
in:1172 out:1174 type:b dur:2 cpbdur:2 q:35.95 aq:36.32 tex:1707 mv:4758 misc:1695 imb:4 pmb:441 smb:3155 d:s ref:0 ;
in:1174 out:1175 type:b dur:2 cpbdur:2 q:35.92 aq:34.78 tex:2081 mv:4567 misc:1640 imb:5 pmb:426 smb:3169 d:- ref:0 ;
in:1179 out:1176 type:P dur:2 cpbdur:2 q:35.84 aq:30.41 tex:40882 mv:20076 misc:3018 imb:374 pmb:1729 smb:1497 d:t ref:0 ;
in:1177 out:1177 type:B dur:2 cpbdur:2 q:35.87 aq:34.04 tex:5748 mv:9594 misc:2514 imb:25 pmb:816 smb:2759 d:t ref:0 ;
in:1176 out:1178 type:b dur:2 cpbdur:2 q:35.89 aq:35.72 tex:2115 mv:4429 misc:1648 imb:8 pmb:397 smb:3195 d:s ref:0 ;
in:1178 out:1179 type:b dur:2 cpbdur:2 q:35.85 aq:35.74 tex:2272 mv:4588 misc:1756 imb:3 pmb:432 smb:3165 d:- ref:0 ;
in:1183 out:1180 type:P dur:2 cpbdur:2 q:35.78 aq:30.58 tex:42916 mv:20859 misc:3001 imb:435 pmb:1760 smb:1405 d:s ref:0 ;
in:1181 out:1181 type:B dur:2 cpbdur:2 q:35.81 aq:34.79 tex:7184 mv:10298 misc:2534 imb:32 pmb:861 smb:2707 d:t ref:0 ;
in:1180 out:1182 type:b dur:2 cpbdur:2 q:35.82 aq:37.15 tex:2200 mv:5266 misc:1742 imb:5 pmb:474 smb:3121 d:s ref:0 ;
in:1182 out:1183 type:b dur:2 cpbdur:2 q:35.79 aq:37.89 tex:2179 mv:5162 misc:1803 imb:5 pmb:487 smb:3108 d:- ref:0 ;
in:1187 out:1184 type:P dur:2 cpbdur:2 q:35.75 aq:31.60 tex:35259 mv:19275 misc:3082 imb:404 pmb:1617 smb:1579 d:t ref:0 ;
in:1185 out:1185 type:B dur:2 cpbdur:2 q:35.77 aq:34.42 tex:6831 mv:4605 misc:1724 imb:22 pmb:469 smb:3109 d:t ref:0 ;
in:1184 out:1186 type:b dur:2 cpbdur:2 q:35.77 aq:37.74 tex:2267 mv:2863 misc:1414 imb:9 pmb:307 smb:3284 d:s ref:0 ;
in:1186 out:1187 type:b dur:2 cpbdur:2 q:35.76 aq:37.62 tex:2215 mv:4413 misc:1740 imb:3 pmb:432 smb:3165 d:- ref:0 ;
in:1191 out:1188 type:P dur:2 cpbdur:2 q:35.68 aq:34.37 tex:17872 mv:14760 misc:3208 imb:310 pmb:1204 smb:2086 d:t ref:0 ;
in:1189 out:1189 type:B dur:2 cpbdur:2 q:35.72 aq:34.71 tex:8203 mv:5650 misc:2139 imb:24 pmb:597 smb:2979 d:t ref:0 ;
in:1188 out:1190 type:b dur:2 cpbdur:2 q:35.74 aq:36.46 tex:2004 mv:2730 misc:1506 imb:6 pmb:328 smb:3266 d:s ref:0 ;
in:1190 out:1191 type:b dur:2 cpbdur:2 q:35.70 aq:35.88 tex:2514 mv:4533 misc:2001 imb:5 pmb:493 smb:3102 d:- ref:0 ;
in:1192 out:1192 type:I dur:2 cpbdur:2 q:32.94 aq:27.93 tex:265552 mv:103425 misc:199 imb:3600 pmb:0 smb:0 d:t ref:;
in:1196 out:1193 type:P dur:2 cpbdur:2 q:35.77 aq:31.03 tex:65093 mv:22476 misc:2935 imb:402 pmb:1874 smb:1324 d:t ref:0 ;
in:1194 out:1194 type:B dur:2 cpbdur:2 q:35.77 aq:35.66 tex:10296 mv:17796 misc:2572 imb:44 pmb:1744 smb:1812 d:s ref:0 ;
in:1193 out:1195 type:b dur:2 cpbdur:2 q:35.77 aq:37.56 tex:3126 mv:8820 misc:2686 imb:14 pmb:1168 smb:2418 d:s ref:0 ;
in:1195 out:1196 type:b dur:2 cpbdur:2 q:35.77 aq:37.21 tex:2643 mv:6299 misc:2122 imb:4 pmb:581 smb:3015 d:- ref:0 ;
in:1200 out:1197 type:P dur:2 cpbdur:2 q:35.74 aq:30.98 tex:77410 mv:24472 misc:2662 imb:557 pmb:1957 smb:1086 d:t ref:0 ;
in:1198 out:1198 type:B dur:2 cpbdur:2 q:35.75 aq:36.09 tex:10755 mv:11932 misc:2273 imb:35 pmb:987 smb:2578 d:s ref:0 ;
in:1197 out:1199 type:b dur:2 cpbdur:2 q:35.76 aq:36.06 tex:3029 mv:4153 misc:1810 imb:11 pmb:458 smb:3131 d:s ref:0 ;
in:1199 out:1200 type:b dur:2 cpbdur:2 q:35.74 aq:37.17 tex:4030 mv:7577 misc:2145 imb:9 pmb:665 smb:2926 d:- ref:0 ;
in:1204 out:1201 type:P dur:2 cpbdur:2 q:35.71 aq:31.29 tex:65821 mv:23148 misc:2823 imb:382 pmb:1973 smb:1245 d:t ref:0 ;
in:1202 out:1202 type:B dur:2 cpbdur:2 q:35.72 aq:34.20 tex:10324 mv:9308 misc:2096 imb:26 pmb:774 smb:2800 d:s ref:0 ;
in:1201 out:1203 type:b dur:2 cpbdur:2 q:35.73 aq:34.32 tex:2706 mv:3995 misc:1707 imb:7 pmb:442 smb:3151 d:s ref:0 ;
in:1203 out:1204 type:b dur:2 cpbdur:2 q:35.72 aq:36.47 tex:3516 mv:6201 misc:2075 imb:7 pmb:560 smb:3033 d:- ref:0 ;
in:1208 out:1205 type:P dur:2 cpbdur:2 q:35.67 aq:32.31 tex:41853 mv:19645 misc:3086 imb:262 pmb:1840 smb:1498 d:t ref:0 ;
in:1206 out:1206 type:B dur:2 cpbdur:2 q:35.69 aq:34.67 tex:5743 mv:4946 misc:1855 imb:10 pmb:523 smb:3067 d:t ref:0 ;
in:1205 out:1207 type:b dur:2 cpbdur:2 q:35.70 aq:35.17 tex:1233 mv:2500 misc:1299 imb:3 pmb:295 smb:3302 d:s ref:0 ;
in:1207 out:1208 type:b dur:2 cpbdur:2 q:35.68 aq:35.57 tex:1791 mv:4848 misc:1929 imb:6 pmb:464 smb:3130 d:- ref:0 ;
in:1212 out:1209 type:P dur:2 cpbdur:2 q:35.66 aq:35.68 tex:27386 mv:17081 misc:3157 imb:319 pmb:1367 smb:1914 d:s ref:0 ;
in:1210 out:1210 type:B dur:2 cpbdur:2 q:35.66 aq:34.42 tex:14412 mv:14613 misc:3127 imb:35 pmb:1289 smb:2276 d:t ref:0 ;
in:1209 out:1211 type:b dur:2 cpbdur:2 q:35.67 aq:37.26 tex:3049 mv:7349 misc:2370 imb:12 pmb:695 smb:2893 d:s ref:0 ;
in:1211 out:1212 type:b dur:2 cpbdur:2 q:35.66 aq:36.17 tex:3173 mv:6079 misc:2268 imb:7 pmb:603 smb:2990 d:- ref:0 ;
in:1213 out:1213 type:i dur:2 cpbdur:2 q:32.85 aq:29.85 tex:240342 mv:74067 misc:207 imb:3600 pmb:0 smb:0 d:s ref:;
in:1217 out:1214 type:P dur:2 cpbdur:2 q:35.72 aq:32.89 tex:107527 mv:26677 misc:1828 imb:1305 pmb:1455 smb:840 d:s ref:0 ;
in:1215 out:1215 type:B dur:2 cpbdur:2 q:35.72 aq:34.98 tex:39608 mv:26081 misc:2479 imb:347 pmb:1508 smb:1745 d:s ref:0 ;
in:1214 out:1216 type:b dur:2 cpbdur:2 q:35.72 aq:36.36 tex:19284 mv:16813 misc:2679 imb:91 pmb:1296 smb:2213 d:s ref:0 ;
in:1216 out:1217 type:b dur:2 cpbdur:2 q:35.72 aq:36.09 tex:21508 mv:16438 misc:2774 imb:83 pmb:1323 smb:2194 d:- ref:0 ;
in:1221 out:1218 type:P dur:2 cpbdur:2 q:35.72 aq:32.66 tex:102351 mv:25103 misc:1842 imb:1319 pmb:1351 smb:930 d:s ref:0 ;
in:1219 out:1219 type:B dur:2 cpbdur:2 q:35.72 aq:34.38 tex:41965 mv:25946 misc:2449 imb:297 pmb:1616 smb:1687 d:s ref:0 ;
in:1218 out:1220 type:b dur:2 cpbdur:2 q:35.72 aq:36.07 tex:21007 mv:17247 misc:2610 imb:108 pmb:1220 smb:2272 d:s ref:0 ;
in:1220 out:1221 type:b dur:2 cpbdur:2 q:35.72 aq:35.99 tex:21605 mv:16674 misc:2649 imb:122 pmb:1185 smb:2293 d:- ref:0 ;
in:1225 out:1222 type:P dur:2 cpbdur:2 q:35.69 aq:32.28 tex:102956 mv:25206 misc:1814 imb:1291 pmb:1317 smb:992 d:s ref:0 ;
in:1223 out:1223 type:B dur:2 cpbdur:2 q:35.71 aq:34.01 tex:39392 mv:25409 misc:2471 imb:291 pmb:1587 smb:1722 d:s ref:0 ;
in:1222 out:1224 type:b dur:2 cpbdur:2 q:35.71 aq:35.88 tex:21170 mv:17141 misc:2545 imb:101 pmb:1203 smb:2296 d:s ref:0 ;
in:1224 out:1225 type:b dur:2 cpbdur:2 q:35.70 aq:36.29 tex:17634 mv:16901 misc:2641 imb:93 pmb:1236 smb:2271 d:- ref:0 ;
in:1229 out:1226 type:P dur:2 cpbdur:2 q:35.68 aq:32.82 tex:94928 mv:24901 misc:1819 imb:1260 pmb:1339 smb:1001 d:s ref:0 ;
in:1227 out:1227 type:B dur:2 cpbdur:2 q:35.69 aq:34.18 tex:39816 mv:25687 misc:2521 imb:304 pmb:1572 smb:1724 d:s ref:0 ;
in:1226 out:1228 type:b dur:2 cpbdur:2 q:35.69 aq:35.74 tex:19197 mv:16572 misc:2615 imb:131 pmb:1177 smb:2292 d:s ref:0 ;
in:1228 out:1229 type:b dur:2 cpbdur:2 q:35.68 aq:34.94 tex:20948 mv:17109 misc:2783 imb:123 pmb:1288 smb:2189 d:- ref:0 ;
in:1233 out:1230 type:P dur:2 cpbdur:2 q:35.73 aq:32.92 tex:105141 mv:25221 misc:1766 imb:1448 pmb:1243 smb:909 d:s ref:0 ;
in:1231 out:1231 type:B dur:2 cpbdur:2 q:35.71 aq:33.85 tex:41138 mv:25594 misc:2556 imb:305 pmb:1581 smb:1714 d:s ref:0 ;
in:1230 out:1232 type:b dur:2 cpbdur:2 q:35.69 aq:35.50 tex:21623 mv:17113 misc:2760 imb:127 pmb:1312 smb:2161 d:s ref:0 ;
in:1232 out:1233 type:b dur:2 cpbdur:2 q:35.72 aq:35.14 tex:23170 mv:16935 misc:2687 imb:116 pmb:1255 smb:2229 d:- ref:0 ;
in:1237 out:1234 type:P dur:2 cpbdur:2 q:35.79 aq:34.09 tex:76762 mv:21902 misc:1944 imb:1305 pmb:1066 smb:1229 d:s ref:0 ;
in:1235 out:1235 type:B dur:2 cpbdur:2 q:35.76 aq:34.23 tex:35188 mv:24488 misc:2668 imb:280 pmb:1534 smb:1786 d:s ref:0 ;
in:1234 out:1236 type:b dur:2 cpbdur:2 q:35.75 aq:35.74 tex:20247 mv:16096 misc:2665 imb:95 pmb:1261 smb:2244 d:s ref:0 ;
in:1236 out:1237 type:b dur:2 cpbdur:2 q:35.78 aq:35.67 tex:19485 mv:15842 misc:2825 imb:85 pmb:1290 smb:2225 d:- ref:0 ;
in:1238 out:1238 type:P dur:2 cpbdur:2 q:35.85 aq:35.20 tex:33232 mv:14911 misc:2697 imb:455 pmb:1135 smb:2010 d:s ref:0 ;
in:1239 out:1239 type:I dur:2 cpbdur:2 q:32.83 aq:29.40 tex:392671 mv:140037 misc:220 imb:3600 pmb:0 smb:0 d:s ref:;
in:1243 out:1240 type:P dur:2 cpbdur:2 q:36.15 aq:34.19 tex:95665 mv:23790 misc:1929 imb:557 pmb:2324 smb:719 d:s ref:0 ;
in:1241 out:1241 type:B dur:2 cpbdur:2 q:36.15 aq:36.80 tex:23352 mv:15043 misc:2989 imb:38 pmb:1301 smb:2261 d:t ref:0 ;
in:1240 out:1242 type:b dur:2 cpbdur:2 q:36.15 aq:38.79 tex:8127 mv:7829 misc:2356 imb:17 pmb:683 smb:2900 d:t ref:0 ;
in:1242 out:1243 type:b dur:2 cpbdur:2 q:36.15 aq:38.08 tex:10841 mv:8396 misc:2427 imb:19 pmb:773 smb:2808 d:- ref:0 ;
in:1247 out:1244 type:P dur:2 cpbdur:2 q:36.26 aq:33.49 tex:108421 mv:24605 misc:1862 imb:619 pmb:2358 smb:623 d:s ref:0 ;
in:1245 out:1245 type:B dur:2 cpbdur:2 q:36.20 aq:36.48 tex:30610 mv:17045 misc:2961 imb:84 pmb:1475 smb:2041 d:s ref:0 ;
in:1244 out:1246 type:b dur:2 cpbdur:2 q:36.17 aq:37.85 tex:11529 mv:8473 misc:2622 imb:20 pmb:845 smb:2735 d:s ref:0 ;
in:1246 out:1247 type:b dur:2 cpbdur:2 q:36.23 aq:37.92 tex:11260 mv:7622 misc:2446 imb:20 pmb:772 smb:2808 d:- ref:0 ;
in:1251 out:1248 type:P dur:2 cpbdur:2 q:36.38 aq:33.80 tex:98679 mv:24719 misc:1866 imb:612 pmb:2404 smb:584 d:s ref:0 ;
in:1249 out:1249 type:B dur:2 cpbdur:2 q:36.32 aq:36.55 tex:25236 mv:15096 misc:3052 imb:36 pmb:1427 smb:2137 d:s ref:0 ;
in:1248 out:1250 type:b dur:2 cpbdur:2 q:36.29 aq:38.34 tex:11750 mv:7809 misc:2537 imb:16 pmb:818 smb:2766 d:s ref:0 ;
in:1250 out:1251 type:b dur:2 cpbdur:2 q:36.35 aq:38.58 tex:8749 mv:6204 misc:2191 imb:11 pmb:626 smb:2963 d:- ref:0 ;
in:1255 out:1252 type:P dur:2 cpbdur:2 q:36.49 aq:33.97 tex:101362 mv:24984 misc:1870 imb:657 pmb:2347 smb:596 d:s ref:0 ;
in:1253 out:1253 type:B dur:2 cpbdur:2 q:36.44 aq:36.96 tex:26267 mv:16883 misc:3034 imb:87 pmb:1431 smb:2082 d:s ref:0 ;
in:1252 out:1254 type:b dur:2 cpbdur:2 q:36.41 aq:38.44 tex:11028 mv:8379 misc:2617 imb:21 pmb:870 smb:2709 d:s ref:0 ;
in:1254 out:1255 type:b dur:2 cpbdur:2 q:36.47 aq:38.46 tex:9210 mv:7837 misc:2473 imb:16 pmb:776 smb:2808 d:- ref:0 ;
in:1259 out:1256 type:P dur:2 cpbdur:2 q:36.58 aq:34.10 tex:94624 mv:25581 misc:1907 imb:642 pmb:2361 smb:597 d:s ref:0 ;
in:1257 out:1257 type:B dur:2 cpbdur:2 q:36.54 aq:37.19 tex:26072 mv:16812 misc:3028 imb:77 pmb:1455 smb:2068 d:s ref:0 ;
in:1256 out:1258 type:b dur:2 cpbdur:2 q:36.52 aq:39.07 tex:10083 mv:7785 misc:2564 imb:18 pmb:804 smb:2778 d:s ref:0 ;
in:1258 out:1259 type:b dur:2 cpbdur:2 q:36.56 aq:38.72 tex:9614 mv:8559 misc:2563 imb:12 pmb:855 smb:2733 d:- ref:0 ;
in:1263 out:1260 type:P dur:2 cpbdur:2 q:36.58 aq:34.44 tex:86369 mv:24563 misc:1988 imb:671 pmb:2217 smb:712 d:s ref:0 ;
in:1261 out:1261 type:B dur:2 cpbdur:2 q:36.58 aq:37.24 tex:24469 mv:16755 misc:2856 imb:78 pmb:1455 smb:2067 d:t ref:0 ;
in:1260 out:1262 type:b dur:2 cpbdur:2 q:36.58 aq:38.25 tex:8893 mv:8106 misc:2497 imb:18 pmb:779 smb:2803 d:s ref:0 ;
in:1262 out:1263 type:b dur:2 cpbdur:2 q:36.58 aq:39.01 tex:9712 mv:8488 misc:2592 imb:21 pmb:898 smb:2681 d:- ref:0 ;
in:1267 out:1264 type:P dur:2 cpbdur:2 q:36.56 aq:35.10 tex:84588 mv:23247 misc:2333 imb:729 pmb:1962 smb:909 d:s ref:0 ;
in:1265 out:1265 type:B dur:2 cpbdur:2 q:36.57 aq:36.84 tex:30167 mv:16997 misc:2988 imb:93 pmb:1519 smb:1988 d:s ref:0 ;
in:1264 out:1266 type:b dur:2 cpbdur:2 q:36.58 aq:39.16 tex:10575 mv:8043 misc:2566 imb:20 pmb:833 smb:2747 d:s ref:0 ;
in:1266 out:1267 type:b dur:2 cpbdur:2 q:36.57 aq:38.31 tex:10395 mv:7844 misc:2489 imb:25 pmb:804 smb:2771 d:- ref:0 ;
in:1271 out:1268 type:P dur:2 cpbdur:2 q:36.51 aq:37.56 tex:51791 mv:19450 misc:2471 imb:697 pmb:1504 smb:1399 d:s ref:0 ;
in:1269 out:1269 type:B dur:2 cpbdur:2 q:36.53 aq:36.79 tex:29131 mv:16966 misc:3127 imb:80 pmb:1644 smb:1876 d:t ref:0 ;
in:1268 out:1270 type:b dur:2 cpbdur:2 q:36.55 aq:38.34 tex:9683 mv:7886 misc:2599 imb:29 pmb:793 smb:2778 d:s ref:0 ;
in:1270 out:1271 type:b dur:2 cpbdur:2 q:36.52 aq:38.28 tex:10340 mv:6539 misc:2641 imb:15 pmb:798 smb:2787 d:- ref:0 ;
in:1272 out:1272 type:I dur:2 cpbdur:2 q:33.42 aq:28.88 tex:92343 mv:45397 misc:228 imb:3600 pmb:0 smb:0 d:s ref:;
in:1275 out:1273 type:P dur:2 cpbdur:2 q:36.52 aq:32.07 tex:10242 mv:13438 misc:3200 imb:560 pmb:891 smb:2149 d:s ref:0 ;
in:1273 out:1274 type:B dur:2 cpbdur:2 q:36.52 aq:34.12 tex:492 mv:3177 misc:1499 imb:10 pmb:331 smb:3259 d:s ref:0 ;
in:1274 out:1275 type:b dur:2 cpbdur:2 q:36.52 aq:32.92 tex:594 mv:3771 misc:1683 imb:25 pmb:333 smb:3242 d:- ref:0 ;
in:1279 out:1276 type:P dur:2 cpbdur:2 q:36.48 aq:32.30 tex:22344 mv:18779 misc:2997 imb:957 pmb:1139 smb:1504 d:s ref:0 ;
in:1277 out:1277 type:B dur:2 cpbdur:2 q:36.50 aq:33.03 tex:3984 mv:10382 misc:2850 imb:142 pmb:794 smb:2664 d:s ref:0 ;
in:1276 out:1278 type:b dur:2 cpbdur:2 q:36.51 aq:33.73 tex:608 mv:3908 misc:1644 imb:23 pmb:335 smb:3242 d:s ref:0 ;
in:1278 out:1279 type:b dur:2 cpbdur:2 q:36.49 aq:34.27 tex:1172 mv:4457 misc:1859 imb:42 pmb:373 smb:3185 d:- ref:0 ;
in:1283 out:1280 type:P dur:2 cpbdur:2 q:36.44 aq:32.42 tex:31558 mv:20479 misc:2675 imb:1323 pmb:1031 smb:1246 d:s ref:0 ;
in:1281 out:1281 type:B dur:2 cpbdur:2 q:36.46 aq:33.23 tex:9203 mv:13746 misc:2923 imb:207 pmb:935 smb:2458 d:s ref:0 ;
in:1280 out:1282 type:b dur:2 cpbdur:2 q:36.47 aq:35.95 tex:2571 mv:5775 misc:1902 imb:35 pmb:442 smb:3123 d:s ref:0 ;
in:1282 out:1283 type:b dur:2 cpbdur:2 q:36.45 aq:35.64 tex:3095 mv:6470 misc:2027 imb:53 pmb:496 smb:3051 d:- ref:0 ;
in:1287 out:1284 type:P dur:2 cpbdur:2 q:36.40 aq:32.18 tex:37685 mv:22621 misc:2334 imb:1718 pmb:997 smb:885 d:s ref:0 ;
in:1285 out:1285 type:B dur:2 cpbdur:2 q:36.42 aq:33.76 tex:9302 mv:13493 misc:2925 imb:220 pmb:927 smb:2453 d:s ref:0 ;
in:1284 out:1286 type:b dur:2 cpbdur:2 q:36.43 aq:34.10 tex:3904 mv:8458 misc:2454 imb:86 pmb:646 smb:2868 d:s ref:0 ;
in:1286 out:1287 type:b dur:2 cpbdur:2 q:36.41 aq:34.49 tex:2934 mv:6418 misc:2048 imb:68 pmb:507 smb:3025 d:- ref:0 ;
in:1291 out:1288 type:P dur:2 cpbdur:2 q:36.36 aq:32.02 tex:38738 mv:23822 misc:2432 imb:1841 pmb:1060 smb:699 d:s ref:0 ;
in:1289 out:1289 type:B dur:2 cpbdur:2 q:36.38 aq:33.20 tex:8670 mv:12525 misc:2957 imb:213 pmb:897 smb:2490 d:s ref:0 ;
in:1288 out:1290 type:b dur:2 cpbdur:2 q:36.39 aq:34.65 tex:2822 mv:6224 misc:2162 imb:60 pmb:523 smb:3017 d:s ref:0 ;
in:1290 out:1291 type:b dur:2 cpbdur:2 q:36.37 aq:34.78 tex:4205 mv:5398 misc:1773 imb:69 pmb:409 smb:3122 d:- ref:0 ;
in:1295 out:1292 type:P dur:2 cpbdur:2 q:36.30 aq:32.02 tex:35567 mv:22670 misc:2643 imb:1546 pmb:1102 smb:952 d:s ref:0 ;
in:1293 out:1293 type:B dur:2 cpbdur:2 q:36.33 aq:33.19 tex:7721 mv:10778 misc:2725 imb:139 pmb:813 smb:2648 d:s ref:0 ;
in:1292 out:1294 type:b dur:2 cpbdur:2 q:36.34 aq:34.06 tex:3551 mv:5308 misc:1813 imb:45 pmb:433 smb:3122 d:s ref:0 ;
in:1294 out:1295 type:b dur:2 cpbdur:2 q:36.31 aq:34.91 tex:2215 mv:4037 misc:1556 imb:32 pmb:332 smb:3236 d:- ref:0 ;
in:1299 out:1296 type:P dur:2 cpbdur:2 q:36.24 aq:31.83 tex:32729 mv:22171 misc:2564 imb:1694 pmb:1081 smb:825 d:s ref:0 ;
in:1297 out:1297 type:B dur:2 cpbdur:2 q:36.27 aq:33.07 tex:5508 mv:10080 misc:2780 imb:114 pmb:782 smb:2704 d:s ref:0 ;
in:1296 out:1298 type:b dur:2 cpbdur:2 q:36.28 aq:34.07 tex:2097 mv:4779 misc:1932 imb:42 pmb:421 smb:3137 d:s ref:0 ;
in:1298 out:1299 type:b dur:2 cpbdur:2 q:36.25 aq:34.00 tex:2049 mv:4906 misc:1909 imb:43 pmb:415 smb:3142 d:- ref:0 ;
in:1303 out:1300 type:P dur:2 cpbdur:2 q:36.19 aq:32.68 tex:25595 mv:17716 misc:3017 imb:1276 pmb:907 smb:1417 d:s ref:0 ;
in:1301 out:1301 type:B dur:2 cpbdur:2 q:36.22 aq:32.49 tex:5221 mv:9324 misc:2671 imb:123 pmb:728 smb:2749 d:s ref:0 ;
in:1300 out:1302 type:b dur:2 cpbdur:2 q:36.23 aq:33.83 tex:1830 mv:3752 misc:1634 imb:43 pmb:313 smb:3244 d:s ref:0 ;
in:1302 out:1303 type:b dur:2 cpbdur:2 q:36.21 aq:34.71 tex:1644 mv:4190 misc:1902 imb:35 pmb:395 smb:3170 d:- ref:0 ;
in:1304 out:1304 type:P dur:2 cpbdur:2 q:36.15 aq:33.25 tex:4483 mv:5722 misc:2419 imb:233 pmb:446 smb:2921 d:s ref:0 ;
in:1305 out:1305 type:I dur:2 cpbdur:2 q:33.41 aq:30.16 tex:128579 mv:68665 misc:268 imb:3600 pmb:0 smb:0 d:s ref:;
in:1306 out:1306 type:P dur:2 cpbdur:2 q:36.19 aq:32.94 tex:14642 mv:9843 misc:2011 imb:256 pmb:726 smb:2618 d:s ref:0 ;
in:1307 out:1307 type:P dur:2 cpbdur:2 q:36.19 aq:32.88 tex:24744 mv:14956 misc:3012 imb:342 pmb:1341 smb:1917 d:s ref:0 ;
in:1308 out:1308 type:P dur:2 cpbdur:2 q:36.20 aq:33.13 tex:37257 mv:17125 misc:3194 imb:373 pmb:1833 smb:1394 d:s ref:0 ;
in:1309 out:1309 type:P dur:2 cpbdur:2 q:36.21 aq:33.01 tex:36956 mv:16539 misc:3209 imb:336 pmb:1808 smb:1456 d:s ref:0 ;
in:1310 out:1310 type:P dur:2 cpbdur:2 q:36.20 aq:32.80 tex:32849 mv:14719 misc:3384 imb:329 pmb:1615 smb:1656 d:s ref:0 ;
in:1311 out:1311 type:P dur:2 cpbdur:2 q:36.19 aq:32.83 tex:27406 mv:13566 misc:3124 imb:290 pmb:1338 smb:1972 d:s ref:0 ;
in:1312 out:1312 type:P dur:2 cpbdur:2 q:36.20 aq:32.67 tex:27817 mv:14348 misc:3179 imb:354 pmb:1413 smb:1833 d:s ref:0 ;
in:1313 out:1313 type:P dur:2 cpbdur:2 q:36.20 aq:32.71 tex:29647 mv:14704 misc:3265 imb:322 pmb:1464 smb:1814 d:s ref:0 ;
in:1314 out:1314 type:P dur:2 cpbdur:2 q:36.19 aq:32.59 tex:31877 mv:14715 misc:3120 imb:311 pmb:1565 smb:1724 d:s ref:0 ;
in:1315 out:1315 type:P dur:2 cpbdur:2 q:36.18 aq:32.74 tex:34321 mv:14943 misc:3288 imb:249 pmb:1699 smb:1652 d:s ref:0 ;
in:1316 out:1316 type:P dur:2 cpbdur:2 q:36.19 aq:32.90 tex:39530 mv:16065 misc:3197 imb:265 pmb:1959 smb:1376 d:s ref:0 ;
in:1317 out:1317 type:P dur:2 cpbdur:2 q:36.19 aq:32.80 tex:35908 mv:14628 misc:3288 imb:295 pmb:1728 smb:1577 d:s ref:0 ;
in:1318 out:1318 type:P dur:2 cpbdur:2 q:36.17 aq:32.96 tex:33576 mv:15294 misc:3234 imb:317 pmb:1744 smb:1539 d:s ref:0 ;
in:1319 out:1319 type:P dur:2 cpbdur:2 q:36.17 aq:32.89 tex:31666 mv:15457 misc:3277 imb:321 pmb:1639 smb:1640 d:s ref:0 ;
in:1320 out:1320 type:P dur:2 cpbdur:2 q:36.16 aq:32.95 tex:31574 mv:15387 misc:3279 imb:351 pmb:1613 smb:1636 d:s ref:0 ;
in:1321 out:1321 type:P dur:2 cpbdur:2 q:36.17 aq:32.93 tex:29171 mv:15155 misc:3218 imb:368 pmb:1437 smb:1795 d:s ref:0 ;
in:1322 out:1322 type:P dur:2 cpbdur:2 q:36.16 aq:32.81 tex:29314 mv:14813 misc:3089 imb:410 pmb:1299 smb:1891 d:s ref:0 ;
in:1323 out:1323 type:P dur:2 cpbdur:2 q:36.15 aq:32.89 tex:29124 mv:14931 misc:2977 imb:390 pmb:1310 smb:1900 d:s ref:0 ;
in:1324 out:1324 type:P dur:2 cpbdur:2 q:36.14 aq:33.12 tex:30297 mv:14120 misc:3039 imb:385 pmb:1260 smb:1955 d:s ref:0 ;
in:1325 out:1325 type:P dur:2 cpbdur:2 q:36.14 aq:33.20 tex:27563 mv:13886 misc:2959 imb:345 pmb:1216 smb:2039 d:s ref:0 ;
in:1326 out:1326 type:P dur:2 cpbdur:2 q:36.14 aq:33.61 tex:28150 mv:13758 misc:2932 imb:379 pmb:1212 smb:2009 d:s ref:0 ;
in:1327 out:1327 type:P dur:2 cpbdur:2 q:36.14 aq:33.98 tex:27322 mv:14286 misc:2912 imb:405 pmb:1151 smb:2044 d:s ref:0 ;
in:1328 out:1328 type:P dur:2 cpbdur:2 q:36.13 aq:34.64 tex:25181 mv:13980 misc:2743 imb:361 pmb:1100 smb:2139 d:s ref:0 ;
in:1329 out:1329 type:P dur:2 cpbdur:2 q:36.13 aq:34.79 tex:29190 mv:15720 misc:2882 imb:459 pmb:1236 smb:1905 d:s ref:0 ;
in:1330 out:1330 type:P dur:2 cpbdur:2 q:36.13 aq:35.67 tex:26607 mv:15569 misc:2904 imb:534 pmb:1113 smb:1953 d:s ref:0 ;
in:1331 out:1331 type:I dur:2 cpbdur:2 q:33.29 aq:26.66 tex:99751 mv:50202 misc:247 imb:3600 pmb:0 smb:0 d:s ref:;
in:1335 out:1332 type:P dur:2 cpbdur:2 q:36.19 aq:30.42 tex:19894 mv:10898 misc:2360 imb:470 pmb:742 smb:2388 d:s ref:0 ;
in:1333 out:1333 type:B dur:2 cpbdur:2 q:36.19 aq:34.55 tex:3691 mv:4857 misc:1396 imb:30 pmb:393 smb:3177 d:t ref:0 ;
in:1332 out:1334 type:b dur:2 cpbdur:2 q:36.19 aq:33.58 tex:1006 mv:1981 misc:677 imb:6 pmb:154 smb:3440 d:s ref:0 ;
in:1334 out:1335 type:b dur:2 cpbdur:2 q:36.19 aq:36.28 tex:2182 mv:2154 misc:792 imb:14 pmb:177 smb:3409 d:- ref:0 ;
in:1339 out:1336 type:P dur:2 cpbdur:2 q:36.16 aq:29.90 tex:25830 mv:13217 misc:2705 imb:650 pmb:859 smb:2091 d:s ref:0 ;
in:1337 out:1337 type:B dur:2 cpbdur:2 q:36.17 aq:33.05 tex:6119 mv:6436 misc:1701 imb:84 pmb:484 smb:3032 d:t ref:0 ;
in:1336 out:1338 type:b dur:2 cpbdur:2 q:36.18 aq:31.93 tex:2785 mv:2723 misc:844 imb:23 pmb:212 smb:3365 d:s ref:0 ;
in:1338 out:1339 type:b dur:2 cpbdur:2 q:36.17 aq:32.82 tex:2936 mv:2941 misc:883 imb:24 pmb:211 smb:3365 d:- ref:0 ;
in:1343 out:1340 type:P dur:2 cpbdur:2 q:36.14 aq:29.66 tex:30042 mv:13992 misc:2718 imb:840 pmb:858 smb:1902 d:s ref:0 ;
in:1341 out:1341 type:B dur:2 cpbdur:2 q:36.15 aq:32.98 tex:4973 mv:5785 misc:1810 imb:49 pmb:487 smb:3064 d:t ref:0 ;
in:1340 out:1342 type:b dur:2 cpbdur:2 q:36.15 aq:32.45 tex:1878 mv:2771 misc:863 imb:21 pmb:206 smb:3373 d:s ref:0 ;
in:1342 out:1343 type:b dur:2 cpbdur:2 q:36.14 aq:32.77 tex:1448 mv:1963 misc:813 imb:6 pmb:169 smb:3425 d:- ref:0 ;
in:1347 out:1344 type:P dur:2 cpbdur:2 q:36.10 aq:29.81 tex:26263 mv:12514 misc:2671 imb:671 pmb:822 smb:2107 d:s ref:0 ;
in:1345 out:1345 type:B dur:2 cpbdur:2 q:36.12 aq:31.81 tex:3908 mv:4771 misc:1457 imb:43 pmb:382 smb:3175 d:t ref:0 ;
in:1344 out:1346 type:b dur:2 cpbdur:2 q:36.13 aq:31.75 tex:1138 mv:1765 misc:849 imb:13 pmb:154 smb:3433 d:s ref:0 ;
in:1346 out:1347 type:b dur:2 cpbdur:2 q:36.11 aq:32.03 tex:2236 mv:2377 misc:731 imb:17 pmb:180 smb:3403 d:- ref:0 ;
in:1351 out:1348 type:P dur:2 cpbdur:2 q:36.05 aq:29.63 tex:24122 mv:13977 misc:2853 imb:780 pmb:893 smb:1927 d:s ref:0 ;
in:1349 out:1349 type:B dur:2 cpbdur:2 q:36.07 aq:32.05 tex:4371 mv:4612 misc:1353 imb:47 pmb:352 smb:3201 d:t ref:0 ;
in:1348 out:1350 type:b dur:2 cpbdur:2 q:36.08 aq:35.71 tex:1336 mv:2243 misc:797 imb:9 pmb:186 smb:3405 d:s ref:0 ;
in:1350 out:1351 type:b dur:2 cpbdur:2 q:36.06 aq:34.21 tex:2162 mv:2175 misc:759 imb:14 pmb:176 smb:3410 d:- ref:0 ;
in:1355 out:1352 type:P dur:2 cpbdur:2 q:35.97 aq:29.84 tex:17347 mv:9675 misc:2762 imb:478 pmb:718 smb:2404 d:s ref:0 ;
in:1353 out:1353 type:B dur:2 cpbdur:2 q:36.01 aq:31.68 tex:3358 mv:3517 misc:1173 imb:36 pmb:275 smb:3289 d:t ref:0 ;
in:1352 out:1354 type:b dur:2 cpbdur:2 q:36.03 aq:36.59 tex:1629 mv:2078 misc:709 imb:1 pmb:167 smb:3432 d:s ref:0 ;
in:1354 out:1355 type:b dur:2 cpbdur:2 q:35.99 aq:34.09 tex:1373 mv:1625 misc:650 imb:8 pmb:136 smb:3456 d:- ref:0 ;
in:1359 out:1356 type:P dur:2 cpbdur:2 q:35.89 aq:29.86 tex:15926 mv:10649 misc:2969 imb:615 pmb:685 smb:2300 d:s ref:0 ;
in:1357 out:1357 type:B dur:2 cpbdur:2 q:35.93 aq:31.87 tex:3428 mv:3435 misc:1225 imb:21 pmb:305 smb:3274 d:t ref:0 ;
in:1356 out:1358 type:b dur:2 cpbdur:2 q:35.95 aq:36.19 tex:888 mv:1315 misc:677 imb:7 pmb:125 smb:3468 d:s ref:0 ;
in:1358 out:1359 type:b dur:2 cpbdur:2 q:35.91 aq:35.23 tex:1712 mv:2105 misc:783 imb:11 pmb:182 smb:3407 d:- ref:0 ;
in:1363 out:1360 type:P dur:2 cpbdur:2 q:35.81 aq:30.25 tex:19775 mv:11640 misc:2793 imb:735 pmb:656 smb:2209 d:s ref:0 ;
in:1361 out:1361 type:B dur:2 cpbdur:2 q:35.85 aq:31.00 tex:5354 mv:5152 misc:1446 imb:61 pmb:388 smb:3151 d:t ref:0 ;
in:1360 out:1362 type:b dur:2 cpbdur:2 q:35.87 aq:33.22 tex:2227 mv:2639 misc:862 imb:21 pmb:217 smb:3362 d:s ref:0 ;
in:1362 out:1363 type:b dur:2 cpbdur:2 q:35.83 aq:33.28 tex:2168 mv:2373 misc:891 imb:19 pmb:186 smb:3395 d:- ref:0 ;
in:1365 out:1364 type:P dur:2 cpbdur:2 q:35.74 aq:31.73 tex:9338 mv:7103 misc:2399 imb:354 pmb:482 smb:2764 d:s ref:0 ;
in:1364 out:1365 type:b dur:2 cpbdur:2 q:35.78 aq:34.20 tex:2289 mv:2777 misc:934 imb:20 pmb:223 smb:3357 d:t ref:0 ;
in:1366 out:1366 type:I dur:2 cpbdur:2 q:33.10 aq:25.58 tex:91958 mv:54573 misc:205 imb:3600 pmb:0 smb:0 d:s ref:;
in:1370 out:1367 type:P dur:2 cpbdur:2 q:35.73 aq:31.47 tex:17485 mv:13175 misc:2180 imb:503 pmb:918 smb:2179 d:s ref:0 ;
in:1368 out:1368 type:B dur:2 cpbdur:2 q:35.73 aq:33.94 tex:3971 mv:6995 misc:1826 imb:101 pmb:530 smb:2969 d:s ref:0 ;
in:1367 out:1369 type:b dur:2 cpbdur:2 q:35.73 aq:34.90 tex:703 mv:3007 misc:1162 imb:21 pmb:254 smb:3325 d:s ref:0 ;
in:1369 out:1370 type:b dur:2 cpbdur:2 q:35.73 aq:34.32 tex:1033 mv:3254 misc:1201 imb:23 pmb:268 smb:3309 d:- ref:0 ;
in:1373 out:1371 type:P dur:2 cpbdur:2 q:35.65 aq:29.61 tex:21658 mv:14609 misc:2477 imb:699 pmb:1004 smb:1897 d:s ref:0 ;
in:1371 out:1372 type:B dur:2 cpbdur:2 q:35.71 aq:33.19 tex:4428 mv:6378 misc:1850 imb:95 pmb:491 smb:3014 d:t ref:0 ;
in:1372 out:1373 type:b dur:2 cpbdur:2 q:35.68 aq:36.04 tex:2991 mv:5290 misc:1439 imb:67 pmb:365 smb:3168 d:- ref:0 ;
in:1377 out:1374 type:P dur:2 cpbdur:2 q:35.59 aq:29.49 tex:28829 mv:17604 misc:2399 imb:977 pmb:1002 smb:1621 d:s ref:0 ;
in:1375 out:1375 type:B dur:2 cpbdur:2 q:35.62 aq:32.05 tex:5988 mv:9826 misc:2370 imb:141 pmb:702 smb:2757 d:s ref:0 ;
in:1374 out:1376 type:b dur:2 cpbdur:2 q:35.64 aq:34.03 tex:2616 mv:4322 misc:1478 imb:53 pmb:327 smb:3220 d:s ref:0 ;
in:1376 out:1377 type:b dur:2 cpbdur:2 q:35.61 aq:34.70 tex:3113 mv:5056 misc:1415 imb:62 pmb:364 smb:3174 d:- ref:0 ;
in:1381 out:1378 type:P dur:2 cpbdur:2 q:35.52 aq:29.50 tex:26390 mv:16714 misc:2424 imb:950 pmb:894 smb:1756 d:s ref:0 ;
in:1379 out:1379 type:B dur:2 cpbdur:2 q:35.56 aq:32.45 tex:9449 mv:10599 misc:2216 imb:210 pmb:725 smb:2665 d:s ref:0 ;
in:1378 out:1380 type:b dur:2 cpbdur:2 q:35.58 aq:34.85 tex:4444 mv:6216 misc:1524 imb:112 pmb:443 smb:3045 d:s ref:0 ;
in:1380 out:1381 type:b dur:2 cpbdur:2 q:35.54 aq:34.23 tex:3755 mv:5375 misc:1494 imb:66 pmb:410 smb:3124 d:- ref:0 ;
in:1385 out:1382 type:P dur:2 cpbdur:2 q:35.46 aq:29.61 tex:29322 mv:16751 misc:2559 imb:938 pmb:901 smb:1761 d:s ref:0 ;
in:1383 out:1383 type:B dur:2 cpbdur:2 q:35.49 aq:31.87 tex:7188 mv:9614 misc:2214 imb:180 pmb:649 smb:2771 d:s ref:0 ;
in:1382 out:1384 type:b dur:2 cpbdur:2 q:35.50 aq:33.20 tex:2925 mv:5112 misc:1435 imb:63 pmb:379 smb:3158 d:s ref:0 ;
in:1384 out:1385 type:b dur:2 cpbdur:2 q:35.47 aq:33.99 tex:2802 mv:5893 misc:1449 imb:57 pmb:415 smb:3128 d:- ref:0 ;
in:1389 out:1386 type:P dur:2 cpbdur:2 q:35.38 aq:29.99 tex:18545 mv:15708 misc:2723 imb:1013 pmb:807 smb:1780 d:s ref:0 ;
in:1387 out:1387 type:B dur:2 cpbdur:2 q:35.42 aq:31.85 tex:8154 mv:9498 misc:2204 imb:108 pmb:730 smb:2762 d:s ref:0 ;
in:1386 out:1388 type:b dur:2 cpbdur:2 q:35.44 aq:35.57 tex:1997 mv:4312 misc:1419 imb:15 pmb:364 smb:3221 d:s ref:0 ;
in:1388 out:1389 type:b dur:2 cpbdur:2 q:35.40 aq:34.13 tex:1684 mv:3724 misc:1408 imb:21 pmb:318 smb:3261 d:- ref:0 ;
in:1390 out:1390 type:i dur:2 cpbdur:2 q:32.77 aq:28.16 tex:439550 mv:95269 misc:189 imb:3600 pmb:0 smb:0 d:s ref:;
in:1394 out:1391 type:P dur:2 cpbdur:2 q:35.51 aq:30.55 tex:66544 mv:18364 misc:1988 imb:350 pmb:2132 smb:1118 d:s ref:0 ;
in:1392 out:1392 type:B dur:2 cpbdur:2 q:35.51 aq:34.70 tex:1938 mv:10245 misc:2569 imb:4 pmb:786 smb:2810 d:t ref:0 ;
in:1391 out:1393 type:b dur:2 cpbdur:2 q:35.51 aq:36.00 tex:61 mv:4035 misc:1512 imb:0 pmb:337 smb:3263 d:s ref:0 ;
in:1393 out:1394 type:b dur:2 cpbdur:2 q:35.51 aq:33.03 tex:539 mv:4735 misc:1830 imb:3 pmb:427 smb:3170 d:- ref:0 ;
in:1398 out:1395 type:P dur:2 cpbdur:2 q:35.50 aq:30.73 tex:100407 mv:20472 misc:1553 imb:721 pmb:2024 smb:855 d:s ref:0 ;
in:1396 out:1396 type:B dur:2 cpbdur:2 q:35.50 aq:32.72 tex:5442 mv:11423 misc:2879 imb:12 pmb:1060 smb:2528 d:t ref:0 ;
in:1395 out:1397 type:b dur:2 cpbdur:2 q:35.51 aq:36.88 tex:849 mv:4991 misc:1848 imb:0 pmb:441 smb:3159 d:s ref:0 ;
in:1397 out:1398 type:b dur:2 cpbdur:2 q:35.50 aq:33.99 tex:549 mv:4669 misc:1830 imb:2 pmb:430 smb:3168 d:- ref:0 ;
in:1402 out:1399 type:P dur:2 cpbdur:2 q:35.49 aq:30.67 tex:102217 mv:19975 misc:1728 imb:602 pmb:2073 smb:925 d:s ref:0 ;
in:1400 out:1400 type:B dur:2 cpbdur:2 q:35.49 aq:34.50 tex:5341 mv:10809 misc:2698 imb:14 pmb:937 smb:2649 d:t ref:0 ;
in:1399 out:1401 type:b dur:2 cpbdur:2 q:35.50 aq:36.97 tex:563 mv:4782 misc:1807 imb:0 pmb:428 smb:3172 d:s ref:0 ;
in:1401 out:1402 type:b dur:2 cpbdur:2 q:35.49 aq:36.04 tex:529 mv:4164 misc:1611 imb:1 pmb:369 smb:3230 d:- ref:0 ;
in:1406 out:1403 type:P dur:2 cpbdur:2 q:35.48 aq:30.64 tex:104182 mv:19218 misc:1824 imb:590 pmb:2046 smb:964 d:s ref:0 ;
in:1404 out:1404 type:B dur:2 cpbdur:2 q:35.48 aq:33.68 tex:5974 mv:10956 misc:2774 imb:7 pmb:1038 smb:2555 d:t ref:0 ;
in:1403 out:1405 type:b dur:2 cpbdur:2 q:35.49 aq:34.20 tex:1165 mv:4937 misc:1874 imb:5 pmb:446 smb:3149 d:s ref:0 ;
in:1405 out:1406 type:b dur:2 cpbdur:2 q:35.48 aq:34.83 tex:813 mv:4599 misc:1772 imb:3 pmb:430 smb:3167 d:- ref:0 ;
in:1410 out:1407 type:P dur:2 cpbdur:2 q:35.55 aq:31.21 tex:97680 mv:19832 misc:1792 imb:677 pmb:2026 smb:897 d:s ref:0 ;
in:1408 out:1408 type:B dur:2 cpbdur:2 q:35.51 aq:34.48 tex:5847 mv:11209 misc:2760 imb:12 pmb:1005 smb:2583 d:t ref:0 ;
in:1407 out:1409 type:b dur:2 cpbdur:2 q:35.50 aq:36.09 tex:940 mv:4634 misc:1690 imb:4 pmb:406 smb:3190 d:s ref:0 ;
in:1409 out:1410 type:b dur:2 cpbdur:2 q:35.53 aq:35.09 tex:528 mv:4077 misc:1515 imb:1 pmb:344 smb:3255 d:- ref:0 ;
in:1414 out:1411 type:P dur:2 cpbdur:2 q:35.52 aq:31.29 tex:95449 mv:19746 misc:2029 imb:687 pmb:1988 smb:925 d:s ref:0 ;
in:1412 out:1412 type:B dur:2 cpbdur:2 q:35.53 aq:33.45 tex:5365 mv:10560 misc:2755 imb:9 pmb:989 smb:2602 d:t ref:0 ;
in:1411 out:1413 type:b dur:2 cpbdur:2 q:35.54 aq:34.05 tex:968 mv:4682 misc:1726 imb:8 pmb:407 smb:3185 d:s ref:0 ;
in:1413 out:1414 type:b dur:2 cpbdur:2 q:35.53 aq:34.29 tex:783 mv:4431 misc:1786 imb:9 pmb:412 smb:3179 d:- ref:0 ;
in:1418 out:1415 type:P dur:2 cpbdur:2 q:35.50 aq:31.49 tex:86740 mv:19545 misc:1843 imb:653 pmb:1975 smb:972 d:s ref:0 ;
in:1416 out:1416 type:B dur:2 cpbdur:2 q:35.51 aq:33.02 tex:5799 mv:11206 misc:2771 imb:16 pmb:998 smb:2586 d:t ref:0 ;
in:1415 out:1417 type:b dur:2 cpbdur:2 q:35.51 aq:34.46 tex:991 mv:4592 misc:1681 imb:4 pmb:391 smb:3205 d:s ref:0 ;
in:1417 out:1418 type:b dur:2 cpbdur:2 q:35.50 aq:35.05 tex:785 mv:4445 misc:1690 imb:2 pmb:398 smb:3200 d:- ref:0 ;
in:1422 out:1419 type:P dur:2 cpbdur:2 q:35.48 aq:32.24 tex:70731 mv:18706 misc:2003 imb:598 pmb:1868 smb:1134 d:s ref:0 ;
in:1420 out:1420 type:B dur:2 cpbdur:2 q:35.49 aq:34.03 tex:7199 mv:11589 misc:2820 imb:14 pmb:1065 smb:2521 d:t ref:0 ;
in:1419 out:1421 type:b dur:2 cpbdur:2 q:35.49 aq:34.63 tex:1008 mv:4751 misc:1785 imb:0 pmb:418 smb:3182 d:s ref:0 ;
in:1421 out:1422 type:b dur:2 cpbdur:2 q:35.49 aq:34.15 tex:959 mv:4497 misc:1704 imb:1 pmb:411 smb:3188 d:- ref:0 ;
in:1426 out:1423 type:P dur:2 cpbdur:2 q:35.46 aq:34.38 tex:27040 mv:14880 misc:2664 imb:612 pmb:1388 smb:1600 d:s ref:0 ;
in:1424 out:1424 type:B dur:2 cpbdur:2 q:35.47 aq:33.63 tex:15509 mv:12235 misc:2952 imb:27 pmb:1310 smb:2263 d:t ref:0 ;
in:1423 out:1425 type:b dur:2 cpbdur:2 q:35.48 aq:35.37 tex:1174 mv:4956 misc:1806 imb:0 pmb:458 smb:3142 d:s ref:0 ;
in:1425 out:1426 type:b dur:2 cpbdur:2 q:35.47 aq:34.77 tex:3046 mv:5097 misc:2089 imb:14 pmb:529 smb:3057 d:- ref:0 ;
in:1427 out:1427 type:I dur:2 cpbdur:2 q:32.61 aq:26.22 tex:335949 mv:71785 misc:186 imb:3600 pmb:0 smb:0 d:s ref:;
in:1431 out:1428 type:P dur:2 cpbdur:2 q:35.56 aq:29.45 tex:39815 mv:12634 misc:2007 imb:499 pmb:1409 smb:1692 d:s ref:0 ;
in:1429 out:1429 type:B dur:2 cpbdur:2 q:35.56 aq:32.26 tex:9118 mv:8716 misc:2190 imb:36 pmb:754 smb:2810 d:t ref:0 ;
in:1428 out:1430 type:b dur:2 cpbdur:2 q:35.56 aq:31.40 tex:922 mv:3760 misc:1526 imb:1 pmb:384 smb:3215 d:s ref:0 ;
in:1430 out:1431 type:b dur:2 cpbdur:2 q:35.56 aq:31.78 tex:4164 mv:5544 misc:1860 imb:12 pmb:540 smb:3048 d:- ref:0 ;
in:1435 out:1432 type:P dur:2 cpbdur:2 q:35.51 aq:29.34 tex:46650 mv:13557 misc:2145 imb:556 pmb:1399 smb:1645 d:s ref:0 ;
in:1433 out:1433 type:B dur:2 cpbdur:2 q:35.54 aq:30.66 tex:15039 mv:10589 misc:2468 imb:70 pmb:923 smb:2607 d:t ref:0 ;
in:1432 out:1434 type:b dur:2 cpbdur:2 q:35.55 aq:32.30 tex:5208 mv:5658 misc:1990 imb:21 pmb:583 smb:2996 d:t ref:0 ;
in:1434 out:1435 type:b dur:2 cpbdur:2 q:35.52 aq:31.90 tex:5024 mv:5771 misc:1749 imb:12 pmb:541 smb:3047 d:- ref:0 ;
in:1439 out:1436 type:P dur:2 cpbdur:2 q:35.45 aq:32.44 tex:30298 mv:10939 misc:2187 imb:412 pmb:1046 smb:2142 d:s ref:0 ;
in:1437 out:1437 type:B dur:2 cpbdur:2 q:35.48 aq:31.07 tex:16165 mv:10810 misc:2233 imb:79 pmb:883 smb:2638 d:t ref:0 ;
in:1436 out:1438 type:b dur:2 cpbdur:2 q:35.50 aq:32.81 tex:5304 mv:5566 misc:1666 imb:13 pmb:516 smb:3071 d:t ref:0 ;
in:1438 out:1439 type:b dur:2 cpbdur:2 q:35.47 aq:31.04 tex:6555 mv:6000 misc:1837 imb:19 pmb:586 smb:2995 d:- ref:0 ;
in:1440 out:1440 type:i dur:2 cpbdur:2 q:32.61 aq:28.26 tex:471323 mv:144652 misc:217 imb:3600 pmb:0 smb:0 d:s ref:;
in:1444 out:1441 type:P dur:2 cpbdur:2 q:35.64 aq:32.24 tex:65443 mv:20635 misc:2786 imb:304 pmb:2351 smb:945 d:s ref:0 ;
in:1442 out:1442 type:B dur:2 cpbdur:2 q:35.64 aq:36.16 tex:8917 mv:11841 misc:2770 imb:25 pmb:937 smb:2638 d:t ref:0 ;
in:1441 out:1443 type:b dur:2 cpbdur:2 q:35.64 aq:37.41 tex:2566 mv:6405 misc:1949 imb:3 pmb:526 smb:3071 d:s ref:0 ;
in:1443 out:1444 type:b dur:2 cpbdur:2 q:35.64 aq:37.89 tex:2968 mv:5925 misc:1987 imb:3 pmb:500 smb:3097 d:- ref:0 ;
in:1448 out:1445 type:P dur:2 cpbdur:2 q:35.66 aq:32.44 tex:74607 mv:22310 misc:2411 imb:297 pmb:2607 smb:696 d:s ref:0 ;
in:1446 out:1446 type:B dur:2 cpbdur:2 q:35.65 aq:36.83 tex:10004 mv:12096 misc:2852 imb:16 pmb:981 smb:2603 d:t ref:0 ;
in:1445 out:1447 type:b dur:2 cpbdur:2 q:35.64 aq:37.72 tex:3661 mv:6313 misc:2218 imb:3 pmb:566 smb:3031 d:s ref:0 ;
in:1447 out:1448 type:b dur:2 cpbdur:2 q:35.65 aq:37.60 tex:3175 mv:6895 misc:2314 imb:9 pmb:652 smb:2939 d:- ref:0 ;
in:1452 out:1449 type:P dur:2 cpbdur:2 q:35.64 aq:32.30 tex:85594 mv:22501 misc:2233 imb:324 pmb:2646 smb:630 d:t ref:0 ;
in:1450 out:1450 type:B dur:2 cpbdur:2 q:35.65 aq:36.48 tex:10111 mv:6155 misc:1766 imb:22 pmb:603 smb:2975 d:s ref:0 ;
in:1449 out:1451 type:b dur:2 cpbdur:2 q:35.65 aq:38.21 tex:3371 mv:3168 misc:1349 imb:5 pmb:372 smb:3223 d:s ref:0 ;
in:1451 out:1452 type:b dur:2 cpbdur:2 q:35.65 aq:38.34 tex:2899 mv:6094 misc:2135 imb:2 pmb:548 smb:3050 d:- ref:0 ;
in:1456 out:1453 type:P dur:2 cpbdur:2 q:35.63 aq:32.34 tex:97515 mv:23551 misc:1918 imb:306 pmb:2811 smb:483 d:t ref:0 ;
in:1454 out:1454 type:B dur:2 cpbdur:2 q:35.63 aq:36.99 tex:13512 mv:7157 misc:1779 imb:31 pmb:672 smb:2897 d:s ref:0 ;
in:1453 out:1455 type:b dur:2 cpbdur:2 q:35.64 aq:38.41 tex:4384 mv:3840 misc:1600 imb:3 pmb:443 smb:3154 d:s ref:0 ;
in:1455 out:1456 type:b dur:2 cpbdur:2 q:35.63 aq:38.51 tex:4405 mv:7150 misc:2229 imb:4 pmb:642 smb:2954 d:- ref:0 ;
in:1458 out:1457 type:P dur:2 cpbdur:2 q:35.68 aq:32.07 tex:73522 mv:17395 misc:2963 imb:157 pmb:2471 smb:972 d:t ref:0 ;
in:1457 out:1458 type:b dur:2 cpbdur:2 q:35.65 aq:38.21 tex:4419 mv:2717 misc:1184 imb:9 pmb:281 smb:3310 d:t ref:0 ;
in:1462 out:1459 type:P dur:2 cpbdur:2 q:35.67 aq:32.71 tex:97849 mv:23530 misc:2069 imb:324 pmb:2727 smb:549 d:t ref:0 ;
in:1460 out:1460 type:B dur:2 cpbdur:2 q:35.68 aq:36.57 tex:14063 mv:7796 misc:1925 imb:34 pmb:741 smb:2825 d:s ref:0 ;
in:1459 out:1461 type:b dur:2 cpbdur:2 q:35.68 aq:38.54 tex:4611 mv:4502 misc:1703 imb:14 pmb:513 smb:3073 d:s ref:0 ;
in:1461 out:1462 type:b dur:2 cpbdur:2 q:35.67 aq:38.40 tex:4385 mv:7664 misc:2439 imb:4 pmb:711 smb:2885 d:- ref:0 ;
in:1466 out:1463 type:P dur:2 cpbdur:2 q:35.66 aq:32.83 tex:84834 mv:23718 misc:2072 imb:342 pmb:2732 smb:526 d:t ref:0 ;
in:1464 out:1464 type:B dur:2 cpbdur:2 q:35.67 aq:37.21 tex:12384 mv:7323 misc:1909 imb:31 pmb:703 smb:2866 d:s ref:0 ;
in:1463 out:1465 type:b dur:2 cpbdur:2 q:35.67 aq:37.97 tex:4048 mv:4048 misc:1720 imb:9 pmb:464 smb:3127 d:s ref:0 ;
in:1465 out:1466 type:b dur:2 cpbdur:2 q:35.66 aq:38.45 tex:4104 mv:6935 misc:2321 imb:3 pmb:643 smb:2954 d:- ref:0 ;
in:1470 out:1467 type:P dur:2 cpbdur:2 q:35.65 aq:33.90 tex:72045 mv:23111 misc:2276 imb:391 pmb:2568 smb:641 d:t ref:0 ;
in:1468 out:1468 type:B dur:2 cpbdur:2 q:35.66 aq:36.41 tex:13790 mv:7376 misc:1946 imb:30 pmb:754 smb:2816 d:s ref:0 ;
in:1467 out:1469 type:b dur:2 cpbdur:2 q:35.66 aq:37.61 tex:4869 mv:4202 misc:1697 imb:16 pmb:503 smb:3081 d:s ref:0 ;
in:1469 out:1470 type:b dur:2 cpbdur:2 q:35.65 aq:38.27 tex:4968 mv:7751 misc:2449 imb:9 pmb:722 smb:2869 d:- ref:0 ;
in:1474 out:1471 type:P dur:2 cpbdur:2 q:35.65 aq:36.08 tex:53271 mv:20749 misc:3004 imb:355 pmb:2053 smb:1192 d:t ref:0 ;
in:1472 out:1472 type:B dur:2 cpbdur:2 q:35.65 aq:36.10 tex:16746 mv:8544 misc:2286 imb:40 pmb:813 smb:2747 d:t ref:0 ;
in:1471 out:1473 type:b dur:2 cpbdur:2 q:35.65 aq:38.25 tex:5105 mv:4512 misc:1743 imb:7 pmb:465 smb:3128 d:s ref:0 ;
in:1473 out:1474 type:b dur:2 cpbdur:2 q:35.65 aq:38.13 tex:6550 mv:8718 misc:2564 imb:11 pmb:817 smb:2772 d:- ref:0 ;
in:1475 out:1475 type:P dur:2 cpbdur:2 q:35.64 aq:37.98 tex:16454 mv:9523 misc:2991 imb:100 pmb:1098 smb:2402 d:t ref:0 ;
in:1476 out:1476 type:I dur:2 cpbdur:2 q:32.72 aq:25.54 tex:37791 mv:15436 misc:133 imb:3600 pmb:0 smb:0 d:s ref:;
in:1480 out:1477 type:P dur:2 cpbdur:2 q:35.65 aq:30.91 tex:12011 mv:2491 misc:602 imb:62 pmb:162 smb:3376 d:s ref:0 ;
in:1478 out:1478 type:B dur:2 cpbdur:2 q:35.65 aq:35.25 tex:2473 mv:2331 misc:564 imb:3 pmb:177 smb:3420 d:t ref:0 ;
in:1477 out:1479 type:b dur:2 cpbdur:2 q:35.65 aq:32.10 tex:685 mv:1211 misc:440 imb:3 pmb:90 smb:3507 d:t ref:0 ;
in:1479 out:1480 type:b dur:2 cpbdur:2 q:35.65 aq:33.31 tex:897 mv:1278 misc:497 imb:2 pmb:109 smb:3489 d:- ref:0 ;
in:1484 out:1481 type:P dur:2 cpbdur:2 q:35.58 aq:30.90 tex:11607 mv:2670 misc:779 imb:80 pmb:195 smb:3325 d:s ref:0 ;
in:1482 out:1482 type:B dur:2 cpbdur:2 q:35.61 aq:31.60 tex:3918 mv:2700 misc:646 imb:7 pmb:213 smb:3380 d:t ref:0 ;
in:1481 out:1483 type:b dur:2 cpbdur:2 q:35.63 aq:32.70 tex:920 mv:1391 misc:545 imb:1 pmb:106 smb:3493 d:s ref:0 ;
in:1483 out:1484 type:b dur:2 cpbdur:2 q:35.59 aq:31.49 tex:1329 mv:1677 misc:602 imb:7 pmb:149 smb:3444 d:- ref:0 ;
in:1488 out:1485 type:P dur:2 cpbdur:2 q:35.49 aq:31.02 tex:17961 mv:3387 misc:1012 imb:125 pmb:235 smb:3240 d:s ref:0 ;
in:1486 out:1486 type:B dur:2 cpbdur:2 q:35.53 aq:31.82 tex:4859 mv:3275 misc:986 imb:8 pmb:292 smb:3300 d:t ref:0 ;
in:1485 out:1487 type:b dur:2 cpbdur:2 q:35.55 aq:32.56 tex:1732 mv:2030 misc:830 imb:3 pmb:195 smb:3402 d:t ref:0 ;
in:1487 out:1488 type:b dur:2 cpbdur:2 q:35.51 aq:30.38 tex:1898 mv:2064 misc:1046 imb:13 pmb:230 smb:3357 d:- ref:0 ;
in:1492 out:1489 type:P dur:2 cpbdur:2 q:35.42 aq:30.34 tex:17699 mv:4108 misc:1601 imb:207 pmb:332 smb:3061 d:s ref:0 ;
in:1490 out:1490 type:B dur:2 cpbdur:2 q:35.46 aq:30.59 tex:5952 mv:3785 misc:1335 imb:33 pmb:353 smb:3214 d:t ref:0 ;
in:1489 out:1491 type:b dur:2 cpbdur:2 q:35.47 aq:29.95 tex:2773 mv:2410 misc:1345 imb:30 pmb:279 smb:3291 d:s ref:0 ;
in:1491 out:1492 type:b dur:2 cpbdur:2 q:35.44 aq:29.94 tex:2941 mv:2747 misc:1480 imb:44 pmb:328 smb:3228 d:- ref:0 ;
in:1496 out:1493 type:P dur:2 cpbdur:2 q:35.33 aq:29.74 tex:17755 mv:5625 misc:2156 imb:440 pmb:422 smb:2738 d:s ref:0 ;
in:1494 out:1494 type:B dur:2 cpbdur:2 q:35.38 aq:30.52 tex:6028 mv:3857 misc:1475 imb:57 pmb:343 smb:3200 d:t ref:0 ;
in:1493 out:1495 type:b dur:2 cpbdur:2 q:35.40 aq:28.91 tex:2235 mv:2313 misc:1172 imb:27 pmb:235 smb:3338 d:t ref:0 ;
in:1495 out:1496 type:b dur:2 cpbdur:2 q:35.35 aq:28.17 tex:2719 mv:2329 misc:1320 imb:45 pmb:243 smb:3312 d:- ref:0 ;
in:1500 out:1497 type:P dur:2 cpbdur:2 q:35.24 aq:29.80 tex:15267 mv:4528 misc:1837 imb:323 pmb:293 smb:2984 d:s ref:0 ;
in:1498 out:1498 type:B dur:2 cpbdur:2 q:35.28 aq:28.20 tex:6300 mv:3889 misc:1859 imb:89 pmb:395 smb:3116 d:t ref:0 ;
in:1497 out:1499 type:b dur:2 cpbdur:2 q:35.30 aq:28.77 tex:3309 mv:2697 misc:1498 imb:59 pmb:264 smb:3277 d:s ref:0 ;
in:1499 out:1500 type:b dur:2 cpbdur:2 q:35.26 aq:29.27 tex:3161 mv:2549 misc:1522 imb:66 pmb:274 smb:3260 d:- ref:0 ;
in:1504 out:1501 type:P dur:2 cpbdur:2 q:35.15 aq:29.57 tex:16919 mv:4651 misc:1726 imb:311 pmb:285 smb:3004 d:s ref:0 ;
in:1502 out:1502 type:B dur:2 cpbdur:2 q:35.19 aq:29.97 tex:4957 mv:3477 misc:1414 imb:58 pmb:302 smb:3240 d:t ref:0 ;
in:1501 out:1503 type:b dur:2 cpbdur:2 q:35.21 aq:29.27 tex:2894 mv:2622 misc:1380 imb:54 pmb:252 smb:3294 d:t ref:0 ;
in:1503 out:1504 type:b dur:2 cpbdur:2 q:35.17 aq:28.73 tex:2297 mv:2981 misc:1522 imb:88 pmb:250 smb:3262 d:- ref:0 ;
in:1508 out:1505 type:P dur:2 cpbdur:2 q:35.06 aq:29.66 tex:15853 mv:4915 misc:1848 imb:345 pmb:294 smb:2961 d:s ref:0 ;
in:1506 out:1506 type:B dur:2 cpbdur:2 q:35.10 aq:30.27 tex:6162 mv:4228 misc:1370 imb:57 pmb:322 smb:3221 d:t ref:0 ;
in:1505 out:1507 type:b dur:2 cpbdur:2 q:35.12 aq:29.60 tex:2434 mv:2770 misc:1388 imb:64 pmb:259 smb:3277 d:t ref:0 ;
in:1507 out:1508 type:b dur:2 cpbdur:2 q:35.08 aq:28.56 tex:2518 mv:3196 misc:1294 imb:75 pmb:237 smb:3288 d:- ref:0 ;
in:1512 out:1509 type:P dur:2 cpbdur:2 q:34.98 aq:29.39 tex:14470 mv:5080 misc:1842 imb:415 pmb:264 smb:2921 d:t ref:0 ;
in:1510 out:1510 type:B dur:2 cpbdur:2 q:35.02 aq:29.83 tex:5959 mv:3639 misc:1490 imb:71 pmb:288 smb:3241 d:t ref:0 ;
in:1509 out:1511 type:b dur:2 cpbdur:2 q:35.04 aq:29.34 tex:2307 mv:2484 misc:1249 imb:57 pmb:203 smb:3340 d:s ref:0 ;
in:1511 out:1512 type:b dur:2 cpbdur:2 q:35.00 aq:29.14 tex:2643 mv:3232 misc:1485 imb:70 pmb:257 smb:3273 d:- ref:0 ;
in:1516 out:1513 type:P dur:2 cpbdur:2 q:34.89 aq:29.41 tex:18210 mv:5235 misc:1827 imb:374 pmb:258 smb:2968 d:t ref:0 ;
in:1514 out:1514 type:B dur:2 cpbdur:2 q:34.93 aq:30.90 tex:6462 mv:4347 misc:1519 imb:79 pmb:320 smb:3201 d:t ref:0 ;
in:1513 out:1515 type:b dur:2 cpbdur:2 q:34.95 aq:29.92 tex:2003 mv:2850 misc:1259 imb:63 pmb:210 smb:3327 d:s ref:0 ;
in:1515 out:1516 type:b dur:2 cpbdur:2 q:34.91 aq:30.93 tex:3304 mv:3346 misc:1382 imb:78 pmb:237 smb:3285 d:- ref:0 ;
in:1520 out:1517 type:P dur:2 cpbdur:2 q:34.82 aq:29.30 tex:18922 mv:5099 misc:1875 imb:367 pmb:255 smb:2978 d:t ref:0 ;
in:1518 out:1518 type:B dur:2 cpbdur:2 q:34.85 aq:30.44 tex:7513 mv:4204 misc:1379 imb:92 pmb:290 smb:3218 d:s ref:0 ;
in:1517 out:1519 type:b dur:2 cpbdur:2 q:34.87 aq:30.74 tex:3044 mv:2818 misc:1298 imb:36 pmb:254 smb:3310 d:s ref:0 ;
in:1519 out:1520 type:b dur:2 cpbdur:2 q:34.84 aq:29.64 tex:2383 mv:3121 misc:1376 imb:70 pmb:247 smb:3283 d:- ref:0 ;
in:1524 out:1521 type:P dur:2 cpbdur:2 q:34.74 aq:29.59 tex:19599 mv:5030 misc:1819 imb:357 pmb:267 smb:2976 d:t ref:0 ;
in:1522 out:1522 type:B dur:2 cpbdur:2 q:34.78 aq:30.65 tex:7182 mv:4153 misc:1417 imb:65 pmb:316 smb:3219 d:s ref:0 ;
in:1521 out:1523 type:b dur:2 cpbdur:2 q:34.80 aq:29.03 tex:2909 mv:2805 misc:1358 imb:74 pmb:217 smb:3309 d:s ref:0 ;
in:1523 out:1524 type:b dur:2 cpbdur:2 q:34.76 aq:29.96 tex:3165 mv:3240 misc:1387 imb:59 pmb:277 smb:3264 d:- ref:0 ;
in:1528 out:1525 type:P dur:2 cpbdur:2 q:34.66 aq:29.39 tex:19400 mv:5629 misc:1963 imb:616 pmb:229 smb:2755 d:t ref:0 w:5,29,4,7,118,10,117,11 ;
in:1526 out:1526 type:B dur:2 cpbdur:2 q:34.70 aq:28.32 tex:10978 mv:21929 misc:541 imb:1790 pmb:1737 smb:73 d:s ref:0 ;
in:1525 out:1527 type:b dur:2 cpbdur:2 q:34.72 aq:31.52 tex:2906 mv:1943 misc:967 imb:11 pmb:188 smb:3401 d:t ref:0 ;
in:1527 out:1528 type:b dur:2 cpbdur:2 q:34.68 aq:31.13 tex:3054 mv:2802 misc:1152 imb:38 pmb:246 smb:3316 d:- ref:0 ;
in:1532 out:1529 type:P dur:2 cpbdur:2 q:34.58 aq:27.95 tex:19269 mv:7330 misc:2393 imb:806 pmb:317 smb:2477 d:t ref:0 w:5,27,1,7,95,34,93,34 ;
in:1530 out:1530 type:B dur:2 cpbdur:2 q:34.62 aq:29.56 tex:8248 mv:4997 misc:1803 imb:167 pmb:360 smb:3073 d:s ref:0 ;
in:1529 out:1531 type:b dur:2 cpbdur:2 q:34.64 aq:30.74 tex:3461 mv:2184 misc:1267 imb:56 pmb:200 smb:3344 d:t ref:0 ;
in:1531 out:1532 type:b dur:2 cpbdur:2 q:34.60 aq:28.76 tex:4404 mv:5390 misc:2390 imb:254 pmb:492 smb:2854 d:- ref:0 ;
in:1536 out:1533 type:P dur:2 cpbdur:2 q:34.49 aq:24.58 tex:12029 mv:6133 misc:2310 imb:542 pmb:267 smb:2791 d:t ref:0 w:6,51,3,7,101,27,101,27 ;
in:1534 out:1534 type:B dur:2 cpbdur:2 q:34.53 aq:27.23 tex:6434 mv:5724 misc:2314 imb:261 pmb:417 smb:2922 d:s ref:0 ;
in:1533 out:1535 type:b dur:2 cpbdur:2 q:34.55 aq:28.51 tex:2478 mv:2687 misc:1523 imb:136 pmb:291 smb:3173 d:t ref:0 ;
in:1535 out:1536 type:b dur:2 cpbdur:2 q:34.51 aq:27.49 tex:2833 mv:3340 misc:1771 imb:154 pmb:331 smb:3115 d:- ref:0 ;
in:1540 out:1537 type:P dur:2 cpbdur:2 q:34.41 aq:21.90 tex:9519 mv:6876 misc:2581 imb:825 pmb:395 smb:2380 d:t ref:0 w:6,47,4,7,92,36,91,37 ;
in:1538 out:1538 type:B dur:2 cpbdur:2 q:34.45 aq:24.51 tex:6685 mv:5130 misc:2401 imb:256 pmb:461 smb:2883 d:s ref:0 ;
in:1537 out:1539 type:b dur:2 cpbdur:2 q:34.47 aq:25.10 tex:2598 mv:2340 misc:1566 imb:155 pmb:219 smb:3226 d:t ref:0 ;
in:1539 out:1540 type:b dur:2 cpbdur:2 q:34.43 aq:23.36 tex:5610 mv:5475 misc:2739 imb:368 pmb:495 smb:2737 d:- ref:0 ;
in:1544 out:1541 type:P dur:2 cpbdur:2 q:34.31 aq:20.13 tex:8006 mv:7534 misc:2620 imb:1051 pmb:674 smb:1875 d:s ref:0 w:6,41,5,6,37,54,37,54 ;
in:1542 out:1542 type:B dur:2 cpbdur:2 q:34.36 aq:22.72 tex:6653 mv:5171 misc:2224 imb:240 pmb:598 smb:2762 d:t ref:0 ;
in:1541 out:1543 type:b dur:2 cpbdur:2 q:34.38 aq:22.66 tex:3359 mv:3421 misc:1908 imb:199 pmb:307 smb:3094 d:t ref:0 ;
in:1543 out:1544 type:b dur:2 cpbdur:2 q:34.34 aq:21.57 tex:5112 mv:4888 misc:2816 imb:368 pmb:676 smb:2556 d:- ref:0 ;
in:1548 out:1545 type:P dur:2 cpbdur:2 q:34.23 aq:20.06 tex:2885 mv:3110 misc:1757 imb:427 pmb:576 smb:2597 d:s ref:0 w:6,27,9,6,27,74,27,74 ;
in:1546 out:1546 type:B dur:2 cpbdur:2 q:34.27 aq:22.11 tex:7287 mv:3585 misc:1760 imb:241 pmb:822 smb:2537 d:t ref:0 ;
in:1545 out:1547 type:b dur:2 cpbdur:2 q:34.29 aq:20.98 tex:5666 mv:4551 misc:2551 imb:387 pmb:993 smb:2220 d:t ref:0 ;
in:1547 out:1548 type:b dur:2 cpbdur:2 q:34.25 aq:20.23 tex:7042 mv:4556 misc:2258 imb:437 pmb:1507 smb:1656 d:- ref:0 ;
